municipality_city,province,region,latitude,longitude
Adams,Ilocos Norte,Region I (Ilocos Region),18.453385341200445,120.91940549009932
Bacarra,Ilocos Norte,Region I (Ilocos Region),18.26724776721682,120.6128924416914
Badoc,Ilocos Norte,Region I (Ilocos Region),17.90596501263501,120.50902270515041
Bangui,Ilocos Norte,Region I (Ilocos Region),18.48974141854356,120.74966373322438
City of Batac,Ilocos Norte,Region I (Ilocos Region),18.037739937617463,120.58422435171977
Burgos,Ilocos Norte,Region I (Ilocos Region),18.480012574681275,120.64889456839263
Carasi,Ilocos Norte,Region I (Ilocos Region),18.218855349064384,120.8652483239396
Currimao,Ilocos Norte,Region I (Ilocos Region),18.01050870490024,120.49953936343447
Dingras,Ilocos Norte,Region I (Ilocos Region),18.076616000847473,120.72066069644752
Dumalneg,Ilocos Norte,Region I (Ilocos Region),18.47664000535257,120.8385332436103
Banna (Espiritu),Ilocos Norte,Region I (Ilocos Region),17.96741181355429,120.65530277849801
Laoag City (Capital),Ilocos Norte,Region I (Ilocos Region),18.19527400195044,120.57729729960286
Marcos,Ilocos Norte,Region I (Ilocos Region),18.0250094386262,120.69468079586363
Nueva Era,Ilocos Norte,Region I (Ilocos Region),17.981821231614976,120.78090279621675
Pagudpud,Ilocos Norte,Region I (Ilocos Region),18.5625977595591,120.86304623639846
Paoay,Ilocos Norte,Region I (Ilocos Region),18.084723869175566,120.51902582023929
Pasuquin,Ilocos Norte,Region I (Ilocos Region),18.37122619981039,120.63911710055437
Piddig,Ilocos Norte,Region I (Ilocos Region),18.180458004368496,120.75018777092147
Pinili,Ilocos Norte,Region I (Ilocos Region),17.94798123381699,120.54326941016271
San Nicolas,Ilocos Norte,Region I (Ilocos Region),18.145849544497313,120.59472770916807
Sarrat,Ilocos Norte,Region I (Ilocos Region),18.135013243202387,120.64734406128275
Solsona,Ilocos Norte,Region I (Ilocos Region),18.100995977668127,120.79187344463385
Vintar,Ilocos Norte,Region I (Ilocos Region),18.328491012829407,120.78277143943353
Alilem,Ilocos Sur,Region I (Ilocos Region),16.8934729085382,120.57844096612182
Banayoyo,Ilocos Sur,Region I (Ilocos Region),17.245720574566352,120.49327817597859
Bantay,Ilocos Sur,Region I (Ilocos Region),17.597963491173882,120.45190838621204
Burgos,Ilocos Sur,Region I (Ilocos Region),17.313746861323764,120.51496016876095
Cabugao,Ilocos Sur,Region I (Ilocos Region),17.78786650247732,120.49584708426404
City of Candon,Ilocos Sur,Region I (Ilocos Region),17.193259287137202,120.46471059650284
Caoayan,Ilocos Sur,Region I (Ilocos Region),17.53493485381648,120.39068265349859
Cervantes,Ilocos Sur,Region I (Ilocos Region),16.9895993134278,120.7074747214249
Galimuyod,Ilocos Sur,Region I (Ilocos Region),17.188147927882,120.51387874084462
Gregorio del Pilar (Concepcion),Ilocos Sur,Region I (Ilocos Region),17.15206159053529,120.61198692154383
Lidlidda,Ilocos Sur,Region I (Ilocos Region),17.25861275275075,120.53210537455284
Magsingal,Ilocos Sur,Region I (Ilocos Region),17.68269775388645,120.45175666606801
Nagbukel,Ilocos Sur,Region I (Ilocos Region),17.44038481255606,120.55121222819453
Narvacan,Ilocos Sur,Region I (Ilocos Region),17.447370535830256,120.50075064301987
Quirino (Angkaki),Ilocos Sur,Region I (Ilocos Region),17.122584908748973,120.71082732334197
Salcedo (Baugen),Ilocos Sur,Region I (Ilocos Region),17.11956917718916,120.5488063129381
San Emilio,Ilocos Sur,Region I (Ilocos Region),17.239857554921876,120.6078786330567
San Esteban,Ilocos Sur,Region I (Ilocos Region),17.324828093892545,120.45272237817537
San Ildefonso,Ilocos Sur,Region I (Ilocos Region),17.61901772001925,120.40572727045569
San Juan (Lapog),Ilocos Sur,Region I (Ilocos Region),17.732848115539824,120.4786771519561
San Vicente,Ilocos Sur,Region I (Ilocos Region),17.611817684939417,120.36727832875721
Santa,Ilocos Sur,Region I (Ilocos Region),17.518237010624922,120.44291893769883
Santa Catalina,Ilocos Sur,Region I (Ilocos Region),17.585872379491367,120.35648708551511
Santa Cruz,Ilocos Sur,Region I (Ilocos Region),17.056211418762043,120.4826095084708
Santa Lucia,Ilocos Sur,Region I (Ilocos Region),17.125585650014667,120.47100324327326
Santa Maria,Ilocos Sur,Region I (Ilocos Region),17.367212443108656,120.4971402044173
Santiago,Ilocos Sur,Region I (Ilocos Region),17.27336576679147,120.44899287026976
Santo Domingo,Ilocos Sur,Region I (Ilocos Region),17.64432518054469,120.42033161669416
Sigay,Ilocos Sur,Region I (Ilocos Region),17.05630228703528,120.60451787235735
Sinait,Ilocos Sur,Region I (Ilocos Region),17.85923504319718,120.48804048350591
Sugpon,Ilocos Sur,Region I (Ilocos Region),16.77947174536243,120.55890146122186
Suyo,Ilocos Sur,Region I (Ilocos Region),16.97901455472868,120.55571231636529
Tagudin,Ilocos Sur,Region I (Ilocos Region),16.937875215645786,120.46222340802166
City of Vigan (Capital),Ilocos Sur,Region I (Ilocos Region),17.563055861873764,120.38800125385399
Agoo,La Union,Region I (Ilocos Region),16.32594268159371,120.37149283237504
Aringay,La Union,Region I (Ilocos Region),16.409672039469104,120.40386143278857
Bacnotan,La Union,Region I (Ilocos Region),16.743929266532152,120.37356287933154
Bagulin,La Union,Region I (Ilocos Region),16.609239414949474,120.47457725033891
Balaoan,La Union,Region I (Ilocos Region),16.80573160228489,120.40136731599279
Bangar,La Union,Region I (Ilocos Region),16.88000641614737,120.43161453869641
Bauang,La Union,Region I (Ilocos Region),16.513121563028523,120.34615061033125
Burgos,La Union,Region I (Ilocos Region),16.531887909877543,120.46957471937904
Caba,La Union,Region I (Ilocos Region),16.439951314210173,120.37702431924563
Luna,La Union,Region I (Ilocos Region),16.839367415394346,120.37629969728707
Naguilian,La Union,Region I (Ilocos Region),16.526493766233596,120.41406864982993
Pugo,La Union,Region I (Ilocos Region),16.31315382802631,120.48110866303641
Rosario,La Union,Region I (Ilocos Region),16.244769991894163,120.45874259523801
City of San Fernando (Capital),La Union,Region I (Ilocos Region),16.60849533575322,120.35815624810787
San Gabriel,La Union,Region I (Ilocos Region),16.68422681515132,120.4697094765704
San Juan,La Union,Region I (Ilocos Region),16.66987564619343,120.37139772088618
Santo Tomas,La Union,Region I (Ilocos Region),16.273149045760345,120.39837613902249
Santol,La Union,Region I (Ilocos Region),16.75047767623975,120.49233390711531
Sudipen,La Union,Region I (Ilocos Region),16.846645152465193,120.49152030175361
Tubao,La Union,Region I (Ilocos Region),16.34363968536474,120.42580655346119
Agno,Pangasinan,Region I (Ilocos Region),16.10150223213525,119.80383596532484
Aguilar,Pangasinan,Region I (Ilocos Region),15.837407692501221,120.21459765438026
City of Alaminos,Pangasinan,Region I (Ilocos Region),16.151856528127563,119.97793608910877
Alcala,Pangasinan,Region I (Ilocos Region),15.836575968237304,120.52778273738417
Anda,Pangasinan,Region I (Ilocos Region),16.29339085291201,119.9761655995943
Asingan,Pangasinan,Region I (Ilocos Region),15.995771165832005,120.65332578734544
Balungao,Pangasinan,Region I (Ilocos Region),15.890045177308112,120.69383608666053
Bani,Pangasinan,Region I (Ilocos Region),16.209220303082585,119.85236226772454
Basista,Pangasinan,Region I (Ilocos Region),15.866111586669884,120.39716803399394
Bautista,Pangasinan,Region I (Ilocos Region),15.79679209054305,120.51012054672555
Bayambang,Pangasinan,Region I (Ilocos Region),15.78871069098466,120.44327046189647
Binalonan,Pangasinan,Region I (Ilocos Region),16.057564125554357,120.59525559453841
Binmaley,Pangasinan,Region I (Ilocos Region),16.00608391751934,120.28917531607802
Bolinao,Pangasinan,Region I (Ilocos Region),16.322572604883067,119.87184237484215
Bugallon,Pangasinan,Region I (Ilocos Region),15.92202443454579,120.17530288199784
Burgos,Pangasinan,Region I (Ilocos Region),16.027515366638596,119.84341684336893
Calasiao,Pangasinan,Region I (Ilocos Region),15.99345298988237,120.35956809584461
Dagupan City,Pangasinan,Region I (Ilocos Region),16.05413322097117,120.34491680096987
Dasol,Pangasinan,Region I (Ilocos Region),15.946597108513469,119.89782687954856
Infanta,Pangasinan,Region I (Ilocos Region),15.865490104960896,120.00878235088575
Labrador,Pangasinan,Region I (Ilocos Region),15.997989542426405,120.11562694889466
Lingayen (Capital),Pangasinan,Region I (Ilocos Region),16.002778341042593,120.22157759738636
Mabini,Pangasinan,Region I (Ilocos Region),16.013004699891088,119.98172318951359
Malasiqui,Pangasinan,Region I (Ilocos Region),15.908587027479062,120.45528945345119
Manaoag,Pangasinan,Region I (Ilocos Region),16.031301609412434,120.50062020401619
Mangaldan,Pangasinan,Region I (Ilocos Region),16.061533315715707,120.40075744502245
Mangatarem,Pangasinan,Region I (Ilocos Region),15.736138663112513,120.27957246548434
Mapandan,Pangasinan,Region I (Ilocos Region),16.020202713757953,120.45593546692884
Natividad,Pangasinan,Region I (Ilocos Region),16.047597248525967,120.8354629459022
Pozorrubio,Pangasinan,Region I (Ilocos Region),16.112995167928148,120.52859220259754
Rosales,Pangasinan,Region I (Ilocos Region),15.868516288241702,120.63800567622401
San Carlos City,Pangasinan,Region I (Ilocos Region),15.90797121622559,120.32791329419445
San Fabian,Pangasinan,Region I (Ilocos Region),16.145145948413496,120.43584469966763
San Jacinto,Pangasinan,Region I (Ilocos Region),16.08633131405358,120.45786482163113
San Manuel,Pangasinan,Region I (Ilocos Region),16.103595909723396,120.67066535967828
San Nicolas,Pangasinan,Region I (Ilocos Region),16.124367999490868,120.7724590841251
San Quintin,Pangasinan,Region I (Ilocos Region),15.984632333105996,120.82349173815743
Santa Barbara,Pangasinan,Region I (Ilocos Region),15.98846899045633,120.42815587774471
Santa Maria,Pangasinan,Region I (Ilocos Region),15.962734363762143,120.70134438266525
Santo Tomas,Pangasinan,Region I (Ilocos Region),15.865098485192874,120.57829713403083
Sison,Pangasinan,Region I (Ilocos Region),16.167553438092717,120.55815187570367
Sual,Pangasinan,Region I (Ilocos Region),16.087256135985715,120.05437339808148
Tayug,Pangasinan,Region I (Ilocos Region),16.012703155692066,120.74465790273733
Umingan,Pangasinan,Region I (Ilocos Region),15.902279096555155,120.81635387471846
Urbiztondo,Pangasinan,Region I (Ilocos Region),15.825260710220174,120.35245684359909
City of Urdaneta,Pangasinan,Region I (Ilocos Region),15.970451732703511,120.55975381399651
Villasis,Pangasinan,Region I (Ilocos Region),15.908231251234207,120.56564539578524
Laoac,Pangasinan,Region I (Ilocos Region),16.042621062595494,120.54343733768103
Basco (Capital),Batanes,Region II (Cagayan Valley),20.458642591047944,121.9929262337474
Itbayat,Batanes,Region II (Cagayan Valley),20.76862410348147,121.84122279664669
Ivana,Batanes,Region II (Cagayan Valley),20.379260805144714,121.93072921461442
Mahatao,Batanes,Region II (Cagayan Valley),20.405362448616774,121.95766295368486
Sabtang,Batanes,Region II (Cagayan Valley),20.311112465747346,121.85159968416035
Uyugan,Batanes,Region II (Cagayan Valley),20.368547072904526,121.95162654633535
Abulug,Cagayan,Region II (Cagayan Valley),18.39117248481767,121.43253032645316
Alcala,Cagayan,Region II (Cagayan Valley),17.915655351266984,121.67455434316521
Allacapan,Cagayan,Region II (Cagayan Valley),18.199617388631832,121.54468027619436
Amulung,Cagayan,Region II (Cagayan Valley),17.812160880221175,121.69505741331635
Aparri,Cagayan,Region II (Cagayan Valley),18.534208811488195,121.52486066616443
Baggao,Cagayan,Region II (Cagayan Valley),17.922669264968786,121.97168826918775
Ballesteros,Cagayan,Region II (Cagayan Valley),18.351173387619234,121.5057578832734
Buguey,Cagayan,Region II (Cagayan Valley),18.24298866145142,121.80698280244209
Calayan,Cagayan,Region II (Cagayan Valley),19.18699149164715,121.65107013456154
Camalaniugan,Cagayan,Region II (Cagayan Valley),18.269652989270458,121.68949572500102
Claveria,Cagayan,Region II (Cagayan Valley),18.57455768582293,121.09291224226823
Enrile,Cagayan,Region II (Cagayan Valley),17.54823810724386,121.69533948462168
Gattaran,Cagayan,Region II (Cagayan Valley),18.052489263984018,121.88021925880489
Gonzaga,Cagayan,Region II (Cagayan Valley),18.250605288587668,122.12377588036112
Iguig,Cagayan,Region II (Cagayan Valley),17.747321841139446,121.75477308211701
Lal-lo,Cagayan,Region II (Cagayan Valley),18.15402566626577,121.85535056623404
Lasam,Cagayan,Region II (Cagayan Valley),18.05902246602508,121.54007202471867
Pamplona,Cagayan,Region II (Cagayan Valley),18.44498004600801,121.32782190063814
Peñablanca,Cagayan,Region II (Cagayan Valley),17.68370458346751,121.96594459896345
Piat,Cagayan,Region II (Cagayan Valley),17.774165476524153,121.51699607480155
Rizal,Cagayan,Region II (Cagayan Valley),17.91369847509808,121.39276917192812
Sanchez-Mira,Cagayan,Region II (Cagayan Valley),18.53865853847704,121.21662131015056
Santa Ana,Cagayan,Region II (Cagayan Valley),18.393437815575265,122.22138633610457
Santa Praxedes,Cagayan,Region II (Cagayan Valley),18.533303331716382,120.9995503108211
Santa Teresita,Cagayan,Region II (Cagayan Valley),18.215909276817847,121.90331313271095
Santo Niño (Faire),Cagayan,Region II (Cagayan Valley),17.913288064774342,121.5313806318604
Solana,Cagayan,Region II (Cagayan Valley),17.664196460017443,121.64139748806878
Tuao,Cagayan,Region II (Cagayan Valley),17.679436565853795,121.5007993139178
Tuguegarao City (Capital),Cagayan,Region II (Cagayan Valley),17.61033467327219,121.74929326782019
Alicia,Isabela,Region II (Cagayan Valley),16.815183919404834,121.6748295840206
Angadanan,Isabela,Region II (Cagayan Valley),16.779862273385405,121.80271676560878
Aurora,Isabela,Region II (Cagayan Valley),16.983560927583717,121.6431449363991
Benito Soliven,Isabela,Region II (Cagayan Valley),16.90245762543179,121.96816079874925
Burgos,Isabela,Region II (Cagayan Valley),17.06317690409308,121.71854952645121
Cabagan,Isabela,Region II (Cagayan Valley),17.386499083013913,121.88143191933169
Cabatuan,Isabela,Region II (Cagayan Valley),16.93463428830731,121.66038329456204
City of Cauayan,Isabela,Region II (Cagayan Valley),16.878418929381944,121.82061591813789
Cordon,Isabela,Region II (Cagayan Valley),16.72344199086044,121.43191130172839
Dinapigue,Isabela,Region II (Cagayan Valley),16.68731054740193,122.26331524273166
Divilacan,Isabela,Region II (Cagayan Valley),17.241933847445413,122.31547965648049
Echague,Isabela,Region II (Cagayan Valley),16.642710821323803,121.77382402395364
Gamu,Isabela,Region II (Cagayan Valley),17.074299194693143,121.80592364047523
Ilagan City (Capital),Isabela,Region II (Cagayan Valley),17.150254616422895,122.02906497820723
Jones,Isabela,Region II (Cagayan Valley),16.547025899591162,121.82159594693337
Luna,Isabela,Region II (Cagayan Valley),16.967596784402843,121.72131332215045
Maconacon,Isabela,Region II (Cagayan Valley),17.431895080617025,122.1465763433207
Delfin Albano (Magsaysay),Isabela,Region II (Cagayan Valley),17.269523308965713,121.7413633095016
Mallig,Isabela,Region II (Cagayan Valley),17.209617057976615,121.62217232620057
Naguilian,Isabela,Region II (Cagayan Valley),16.977722221627683,121.88010745139076
Palanan,Isabela,Region II (Cagayan Valley),17.008798546164222,122.42050661556146
Quezon,Isabela,Region II (Cagayan Valley),17.309818262787804,121.61248964175886
Quirino,Isabela,Region II (Cagayan Valley),17.15646169341547,121.73267285320918
Ramon,Isabela,Region II (Cagayan Valley),16.789177975692656,121.52051994465926
Reina Mercedes,Isabela,Region II (Cagayan Valley),17.001069128674523,121.77638631337344
Roxas,Isabela,Region II (Cagayan Valley),17.12277766871316,121.61126152865396
San Agustin,Isabela,Region II (Cagayan Valley),16.465891869621107,121.77047015987057
San Guillermo,Isabela,Region II (Cagayan Valley),16.67602731439599,121.96109375325264
San Isidro,Isabela,Region II (Cagayan Valley),16.74219975717141,121.6235537293182
San Manuel,Isabela,Region II (Cagayan Valley),17.034186734139052,121.61955022300545
San Mariano,Isabela,Region II (Cagayan Valley),16.90341630846624,122.15653041804185
San Mateo,Isabela,Region II (Cagayan Valley),16.87480495189729,121.58775501458145
San Pablo,Isabela,Region II (Cagayan Valley),17.474695004211576,121.93848116691477
Santa Maria,Isabela,Region II (Cagayan Valley),17.46993626242694,121.70923523905407
City of Santiago,Isabela,Region II (Cagayan Valley),16.67846545657144,121.55677967773792
Santo Tomas,Isabela,Region II (Cagayan Valley),17.369748516435987,121.72964947159433
Tumauini,Isabela,Region II (Cagayan Valley),17.291901277358537,121.92808842195657
Ambaguio,Nueva Vizcaya,Region II (Cagayan Valley),16.54437949305536,121.04982633070537
Aritao,Nueva Vizcaya,Region II (Cagayan Valley),16.237109604335007,121.0293319197813
Bagabag,Nueva Vizcaya,Region II (Cagayan Valley),16.597992674152874,121.26166055051901
Bambang,Nueva Vizcaya,Region II (Cagayan Valley),16.389028159011456,121.09262259662601
Bayombong (Capital),Nueva Vizcaya,Region II (Cagayan Valley),16.476502474880412,121.1427194374663
Diadi,Nueva Vizcaya,Region II (Cagayan Valley),16.641705396575812,121.355685540214
Dupax del Norte,Nueva Vizcaya,Region II (Cagayan Valley),16.20472613821382,121.23883113369212
Dupax del Sur,Nueva Vizcaya,Region II (Cagayan Valley),16.11802977030116,121.18835265050085
Kasibu,Nueva Vizcaya,Region II (Cagayan Valley),16.328627224798723,121.34033531828051
Kayapa,Nueva Vizcaya,Region II (Cagayan Valley),16.399783519552752,120.92231682797505
Quezon,Nueva Vizcaya,Region II (Cagayan Valley),16.479034133334387,121.29568152017735
Santa Fe,Nueva Vizcaya,Region II (Cagayan Valley),16.18328341421276,120.90332716870363
Solano,Nueva Vizcaya,Region II (Cagayan Valley),16.545295714907407,121.17667781410672
Villaverde,Nueva Vizcaya,Region II (Cagayan Valley),16.605467566519113,121.15405195226927
Alfonso Castaneda,Nueva Vizcaya,Region II (Cagayan Valley),15.909334535178349,121.32816844796346
Aglipay,Quirino,Region II (Cagayan Valley),16.41365111971636,121.5860567054324
Cabarroguis (Capital),Quirino,Region II (Cagayan Valley),16.44191394517345,121.49875082217466
Diffun,Quirino,Region II (Cagayan Valley),16.550164708991694,121.45850222253843
Maddela,Quirino,Region II (Cagayan Valley),16.353931794389037,121.78241084626336
Saguday,Quirino,Region II (Cagayan Valley),16.548097998360227,121.57685698195924
Nagtipunan,Quirino,Region II (Cagayan Valley),16.131819418138452,121.52592313006463
Abucay,Bataan,Region III (Central Luzon),14.721645467568319,120.48721877152951
Bagac,Bataan,Region III (Central Luzon),14.589271666966619,120.41468763808051
City of Balanga (Capital),Bataan,Region III (Central Luzon),14.667700011407952,120.48625651596889
Dinalupihan,Bataan,Region III (Central Luzon),14.877354829693356,120.42713143344999
Hermosa,Bataan,Region III (Central Luzon),14.817250490799772,120.42689560504316
Limay,Bataan,Region III (Central Luzon),14.537590391035813,120.56305636896796
Mariveles,Bataan,Region III (Central Luzon),14.474864925757817,120.50666465820315
Morong,Bataan,Region III (Central Luzon),14.705394398020227,120.32884056734197
Orani,Bataan,Region III (Central Luzon),14.790487804412784,120.48571159292705
Orion,Bataan,Region III (Central Luzon),14.590216898910127,120.53287378840052
Pilar,Bataan,Region III (Central Luzon),14.630305368113227,120.51887677387312
Samal,Bataan,Region III (Central Luzon),14.759783662459022,120.49008693032796
Angat,Bulacan,Region III (Central Luzon),14.930412734486472,121.00880251156204
Balagtas (Bigaa),Bulacan,Region III (Central Luzon),14.828347759969509,120.90906471991278
City of Baliwag,Bulacan,Region III (Central Luzon),14.961454208361598,120.8825478414659
Bocaue,Bulacan,Region III (Central Luzon),14.798712270116384,120.93257535800215
Bulacan,Bulacan,Region III (Central Luzon),14.76802723624828,120.87097141546697
Bustos,Bulacan,Region III (Central Luzon),14.9307189996705,120.92894513955105
Calumpit,Bulacan,Region III (Central Luzon),14.90237247680195,120.76400615272867
Guiguinto,Bulacan,Region III (Central Luzon),14.844397672169146,120.87951060398012
Hagonoy,Bulacan,Region III (Central Luzon),14.81659099033507,120.73435868637289
City of Malolos (Capital),Bulacan,Region III (Central Luzon),14.832800384359413,120.82410715900028
Marilao,Bulacan,Region III (Central Luzon),14.772859524107204,120.97128002804266
City of Meycauayan,Bulacan,Region III (Central Luzon),14.752384888252454,120.96793444725462
Norzagaray,Bulacan,Region III (Central Luzon),14.878084478763155,121.18196527976251
Obando,Bulacan,Region III (Central Luzon),14.719945655497412,120.92039199560087
Pandi,Bulacan,Region III (Central Luzon),14.881351075248952,120.94920055022183
Paombong,Bulacan,Region III (Central Luzon),14.809762814334384,120.78372987208839
Plaridel,Bulacan,Region III (Central Luzon),14.88828820329384,120.86760266711747
Pulilan,Bulacan,Region III (Central Luzon),14.921803356427498,120.83784919145708
San Ildefonso,Bulacan,Region III (Central Luzon),15.062306423250766,120.99815043127245
City of San Jose del Monte,Bulacan,Region III (Central Luzon),14.815957930137152,121.08358401030362
San Miguel,Bulacan,Region III (Central Luzon),15.179523004660266,121.01138999781865
San Rafael,Bulacan,Region III (Central Luzon),14.993304288960875,120.96673741534963
Santa Maria,Bulacan,Region III (Central Luzon),14.839060056641468,120.98923273500178
Doña Remedios Trinidad,Bulacan,Region III (Central Luzon),15.070030933330475,121.19540514436463
Aliaga,Nueva Ecija,Region III (Central Luzon),15.505534010391942,120.86497425432465
Bongabon,Nueva Ecija,Region III (Central Luzon),15.657775976843968,121.22772398898192
Cabanatuan City,Nueva Ecija,Region III (Central Luzon),15.492492567044781,120.99015017207644
Cabiao,Nueva Ecija,Region III (Central Luzon),15.234980555998508,120.84465939344035
Carranglan,Nueva Ecija,Region III (Central Luzon),16.015364999653727,121.02895527679952
Cuyapo,Nueva Ecija,Region III (Central Luzon),15.785549327080025,120.70452281829377
Gabaldon (Bitulok & Sabani),Nueva Ecija,Region III (Central Luzon),15.498060361322121,121.2858143177101
City of Gapan,Nueva Ecija,Region III (Central Luzon),15.285333308983239,121.00749048277811
General Mamerto Natividad,Nueva Ecija,Region III (Central Luzon),15.59053498679088,121.0537523915372
General Tinio (Papaya),Nueva Ecija,Region III (Central Luzon),15.327187902901597,121.21154975616557
Guimba,Nueva Ecija,Region III (Central Luzon),15.655736592464951,120.75938999057637
Jaen,Nueva Ecija,Region III (Central Luzon),15.381481136541758,120.87547307672187
Laur,Nueva Ecija,Region III (Central Luzon),15.540674974237982,121.18182124428212
Licab,Nueva Ecija,Region III (Central Luzon),15.531561305151296,120.76947713066008
Llanera,Nueva Ecija,Region III (Central Luzon),15.671005988150151,121.01158232162855
Lupao,Nueva Ecija,Region III (Central Luzon),15.853562445721996,120.9070169916695
Science City of Muñoz,Nueva Ecija,Region III (Central Luzon),15.733482098700739,120.89680167342124
Nampicuan,Nueva Ecija,Region III (Central Luzon),15.71739648343946,120.66393585992908
Palayan City (Capital),Nueva Ecija,Region III (Central Luzon),15.493419683406282,121.11030796719015
Pantabangan,Nueva Ecija,Region III (Central Luzon),15.823407255611498,121.15583957874033
Peñaranda,Nueva Ecija,Region III (Central Luzon),15.376320252581872,121.0241329982501
Quezon,Nueva Ecija,Region III (Central Luzon),15.566660289600309,120.8291145158783
Rizal,Nueva Ecija,Region III (Central Luzon),15.685845388140974,121.11256407808098
San Antonio,Nueva Ecija,Region III (Central Luzon),15.327752031988243,120.804643927587
San Isidro,Nueva Ecija,Region III (Central Luzon),15.2710300115856,120.91005196697374
San Jose City,Nueva Ecija,Region III (Central Luzon),15.785713311697885,120.9995598240504
San Leonardo,Nueva Ecija,Region III (Central Luzon),15.35979520370083,120.94755944209868
Santa Rosa,Nueva Ecija,Region III (Central Luzon),15.432357659773839,120.96652758723158
Santo Domingo,Nueva Ecija,Region III (Central Luzon),15.622153912753852,120.87873115568912
Talavera,Nueva Ecija,Region III (Central Luzon),15.620770947398526,120.9394645129748
Talugtug,Nueva Ecija,Region III (Central Luzon),15.763185381792656,120.8102052949748
Zaragoza,Nueva Ecija,Region III (Central Luzon),15.44498541510789,120.79237880911708
Angeles City,Pampanga,Region III (Central Luzon),15.165215920380835,120.54966350390329
Apalit,Pampanga,Region III (Central Luzon),14.958427240775208,120.78715345997361
Arayat,Pampanga,Region III (Central Luzon),15.179623300840186,120.76404952379761
Bacolor,Pampanga,Region III (Central Luzon),15.036661222207725,120.62921157358302
Candaba,Pampanga,Region III (Central Luzon),15.103741025825139,120.87407967031774
Floridablanca,Pampanga,Region III (Central Luzon),14.977547768162715,120.48743067374188
Guagua,Pampanga,Region III (Central Luzon),14.986275653108953,120.59720992073059
Lubao,Pampanga,Region III (Central Luzon),14.898783378221173,120.56112084255024
Mabalacat City,Pampanga,Region III (Central Luzon),15.21703223291916,120.55510152996982
Macabebe,Pampanga,Region III (Central Luzon),14.871481799356287,120.6666914461106
Magalang,Pampanga,Region III (Central Luzon),15.23402727920765,120.67508489068011
Masantol,Pampanga,Region III (Central Luzon),14.848135423747056,120.6840281407698
Mexico,Pampanga,Region III (Central Luzon),15.10204225921212,120.69722209779478
Minalin,Pampanga,Region III (Central Luzon),14.959646001202097,120.69319512402271
Porac,Pampanga,Region III (Central Luzon),15.098630641861215,120.4729751793491
City of San Fernando (Capital),Pampanga,Region III (Central Luzon),15.067680362635326,120.65831782184573
San Luis,Pampanga,Region III (Central Luzon),15.033673606957912,120.81251262618257
San Simon,Pampanga,Region III (Central Luzon),15.001705838522344,120.79002164146567
Santa Ana,Pampanga,Region III (Central Luzon),15.106236358186216,120.75668642697214
Santa Rita,Pampanga,Region III (Central Luzon),15.017241321250197,120.5945517094871
Sto. Tomas,Pampanga,Region III (Central Luzon),15.00042720947769,120.71507514880608
Sasmuan (Sexmoan),Pampanga,Region III (Central Luzon),14.88474867503114,120.62035245123178
Anao,Tarlac,Region III (Central Luzon),15.735412293301168,120.61518472230793
Bamban,Tarlac,Region III (Central Luzon),15.245314116063991,120.46690773633486
Camiling,Tarlac,Region III (Central Luzon),15.682865115232492,120.41123831369099
Capas,Tarlac,Region III (Central Luzon),15.334137968535362,120.44015436512771
Concepcion,Tarlac,Region III (Central Luzon),15.335847806830978,120.6688325304916
Gerona,Tarlac,Region III (Central Luzon),15.594930942448885,120.56454792655367
La Paz,Tarlac,Region III (Central Luzon),15.446018070930153,120.71610019243977
Mayantoc,Tarlac,Region III (Central Luzon),15.558910487202876,120.30982160830776
Moncada,Tarlac,Region III (Central Luzon),15.734907137889827,120.54675745309814
Paniqui,Tarlac,Region III (Central Luzon),15.663871935646913,120.54295034222811
Pura,Tarlac,Region III (Central Luzon),15.622442951310875,120.64773513952528
Ramos,Tarlac,Region III (Central Luzon),15.673939287120644,120.62950533966388
San Clemente,Tarlac,Region III (Central Luzon),15.66563184203185,120.32934008141763
San Manuel,Tarlac,Region III (Central Luzon),15.814841317401099,120.59880458782158
Santa Ignacia,Tarlac,Region III (Central Luzon),15.580817484016302,120.4477768077033
City of Tarlac (Capital),Tarlac,Region III (Central Luzon),15.481463860545425,120.59614454447015
Victoria,Tarlac,Region III (Central Luzon),15.572296927991294,120.68725269796175
San Jose,Tarlac,Region III (Central Luzon),15.436515568823168,120.33374779213236
Botolan,Zambales,Region III (Central Luzon),15.23772921631229,120.19341240022348
Cabangan,Zambales,Region III (Central Luzon),15.161071682503168,120.11486774454322
Candelaria,Zambales,Region III (Central Luzon),15.631084340043778,120.08509146271126
Castillejos,Zambales,Region III (Central Luzon),14.928159588928306,120.20449182543116
Iba (Capital),Zambales,Region III (Central Luzon),15.36772954470024,120.03650806214455
Masinloc,Zambales,Region III (Central Luzon),15.537656272438289,120.05441067266828
Olongapo City,Zambales,Region III (Central Luzon),14.826780790456372,120.30647021264924
Palauig,Zambales,Region III (Central Luzon),15.44666518043864,120.05029405607814
San Antonio,Zambales,Region III (Central Luzon),14.879220067518782,120.10604765143997
San Felipe,Zambales,Region III (Central Luzon),15.073918843066732,120.11818083237456
San Marcelino,Zambales,Region III (Central Luzon),15.020275556063135,120.29589092504517
San Narciso,Zambales,Region III (Central Luzon),15.010401256956037,120.11772396421682
Santa Cruz,Zambales,Region III (Central Luzon),15.758580520891547,120.03420099747052
Subic,Zambales,Region III (Central Luzon),14.876925701578212,120.2719888676975
Baler (Capital),Aurora,Region III (Central Luzon),15.745051844333052,121.57119172044143
Casiguran,Aurora,Region III (Central Luzon),16.240850907068435,122.05576385606834
Dilasag,Aurora,Region III (Central Luzon),16.39968057393655,122.09679469707329
Dinalungan,Aurora,Region III (Central Luzon),16.186341982801608,121.87983261847417
Dingalan,Aurora,Region III (Central Luzon),15.268890005554612,121.37592707773368
Dipaculao,Aurora,Region III (Central Luzon),15.997089231882363,121.62095437163464
Maria Aurora,Aurora,Region III (Central Luzon),15.772544350323487,121.40328464151716
San Luis,Aurora,Region III (Central Luzon),15.611830988904714,121.45542048999229
Agoncillo,Batangas,Region IV-A (Calabarzon),13.967790565349212,120.92735958104922
Alitagtag,Batangas,Region IV-A (Calabarzon),13.866258012581143,121.0138070884008
Balayan,Batangas,Region IV-A (Calabarzon),13.96639884405337,120.73199195470744
Balete,Batangas,Region IV-A (Calabarzon),14.0115627203527,121.10241650385302
Batangas City (Capital),Batangas,Region IV-A (Calabarzon),13.710138301173634,121.10261816804638
Bauan,Batangas,Region IV-A (Calabarzon),13.801341687831428,120.9701758787216
City of Calaca,Batangas,Region IV-A (Calabarzon),13.977266433573867,120.82284373282225
Calatagan,Batangas,Region IV-A (Calabarzon),13.863528920844027,120.65848346302933
Cuenca,Batangas,Region IV-A (Calabarzon),13.90594853018741,121.05296639768866
Ibaan,Batangas,Region IV-A (Calabarzon),13.81903943805252,121.14031294177398
Laurel,Batangas,Region IV-A (Calabarzon),14.051094405837922,120.90622213520646
Lemery,Batangas,Region IV-A (Calabarzon),13.9547460892796,120.88424274258325
Lian,Batangas,Region IV-A (Calabarzon),13.993466098590646,120.6489234520435
Lipa City,Batangas,Region IV-A (Calabarzon),13.939652456500554,121.17066291906536
Lobo,Batangas,Region IV-A (Calabarzon),13.665519040373361,121.26256263876635
Mabini,Batangas,Region IV-A (Calabarzon),13.729875732208392,120.91337508506899
Malvar,Batangas,Region IV-A (Calabarzon),14.032961043882413,121.14895885118506
Mataasnakahoy,Batangas,Region IV-A (Calabarzon),13.975826444907998,121.10255604999203
Nasugbu,Batangas,Region IV-A (Calabarzon),14.11894456908256,120.68765231335479
Padre Garcia,Batangas,Region IV-A (Calabarzon),13.874248192542332,121.23963644526954
Rosario,Batangas,Region IV-A (Calabarzon),13.804533777696863,121.27040327907403
San Jose,Batangas,Region IV-A (Calabarzon),13.878272965995542,121.08976485536719
San Juan,Batangas,Region IV-A (Calabarzon),13.757521499658937,121.39041843576142
San Luis,Batangas,Region IV-A (Calabarzon),13.835395812456092,120.94449858805065
San Nicolas,Batangas,Region IV-A (Calabarzon),13.962232021538494,120.9707008991641
San Pascual,Batangas,Region IV-A (Calabarzon),13.817576445884463,121.03144919532494
Santa Teresita,Batangas,Region IV-A (Calabarzon),13.877692737396632,120.97184709551031
City of Sto. Tomas,Batangas,Region IV-A (Calabarzon),14.075656347269348,121.18343957719452
Taal,Batangas,Region IV-A (Calabarzon),13.886701389297611,120.937519943532
Talisay,Batangas,Region IV-A (Calabarzon),14.092562866268068,121.01342633368412
City of Tanauan,Batangas,Region IV-A (Calabarzon),14.094418505294113,121.09877779450483
Taysan,Batangas,Region IV-A (Calabarzon),13.753218780457496,121.22300670786292
Tingloy,Batangas,Region IV-A (Calabarzon),13.64764992450469,120.89226695583076
Tuy,Batangas,Region IV-A (Calabarzon),14.028258761017804,120.73927655182445
Alfonso,Cavite,Region IV-A (Calabarzon),14.118451281142661,120.84054087668991
Amadeo,Cavite,Region IV-A (Calabarzon),14.178270791633476,120.92895841363591
Bacoor City,Cavite,Region IV-A (Calabarzon),14.415145163542581,120.97187564791257
Carmona,Cavite,Region IV-A (Calabarzon),14.302108978680145,121.03753965059039
Cavite City,Cavite,Region IV-A (Calabarzon),14.433914477983228,120.74591106240399
City of Dasmariñas,Cavite,Region IV-A (Calabarzon),14.313352237018366,120.96462278593688
General Emilio Aguinaldo,Cavite,Region IV-A (Calabarzon),14.179407800412406,120.80138666536753
City of General Trias,Cavite,Region IV-A (Calabarzon),14.322356326295994,120.90080318787072
Imus City,Cavite,Region IV-A (Calabarzon),14.396485836516703,120.93514103832877
Indang,Cavite,Region IV-A (Calabarzon),14.19135535547691,120.87054941302569
Kawit,Cavite,Region IV-A (Calabarzon),14.43712794939686,120.90413922327714
Magallanes,Cavite,Region IV-A (Calabarzon),14.162290059332786,120.74874330613537
Maragondon,Cavite,Region IV-A (Calabarzon),14.23101292770499,120.72783438906993
Mendez (Mendez-Nuñez),Cavite,Region IV-A (Calabarzon),14.130374149211523,120.89842824513403
Naic,Cavite,Region IV-A (Calabarzon),14.292915221286378,120.79471466852331
Noveleta,Cavite,Region IV-A (Calabarzon),14.435550586267887,120.88066579647567
Rosario,Cavite,Region IV-A (Calabarzon),14.413609732792255,120.8634440440464
Silang,Cavite,Region IV-A (Calabarzon),14.214586676068535,120.98774542802947
Tagaytay City,Cavite,Region IV-A (Calabarzon),14.116106939162345,120.95494759382981
Tanza,Cavite,Region IV-A (Calabarzon),14.34810306702182,120.83704568029326
Ternate,Cavite,Region IV-A (Calabarzon),14.263700446931965,120.67421484181953
Trece Martires City (Capital),Cavite,Region IV-A (Calabarzon),14.276308055656031,120.8694396211742
Gen. Mariano Alvarez,Cavite,Region IV-A (Calabarzon),14.310159684843239,121.01446764723813
Alaminos,Laguna,Region IV-A (Calabarzon),14.043151994589982,121.24726701124438
Bay,Laguna,Region IV-A (Calabarzon),14.144612439185163,121.2611477523976
City of Biñan,Laguna,Region IV-A (Calabarzon),14.307128764427816,121.06920726535085
Cabuyao City,Laguna,Region IV-A (Calabarzon),14.239049718696512,121.11139575993613
City of Calamba,Laguna,Region IV-A (Calabarzon),14.187204906196381,121.12030656276117
Calauan,Laguna,Region IV-A (Calabarzon),14.133046330195587,121.29679381714949
Cavinti,Laguna,Region IV-A (Calabarzon),14.246483540322528,121.55283681276633
Famy,Laguna,Region IV-A (Calabarzon),14.48130197921737,121.47423557255988
Kalayaan,Laguna,Region IV-A (Calabarzon),14.333054402441224,121.53197265062362
Liliw,Laguna,Region IV-A (Calabarzon),14.141619830630036,121.43648487292104
Los Baños,Laguna,Region IV-A (Calabarzon),14.15323051492051,121.22439821249642
Luisiana,Laguna,Region IV-A (Calabarzon),14.188167057123724,121.52782559317093
Lumban,Laguna,Region IV-A (Calabarzon),14.29830708672221,121.51562801096028
Mabitac,Laguna,Region IV-A (Calabarzon),14.429761175441312,121.40218389114783
Magdalena,Laguna,Region IV-A (Calabarzon),14.20669191317707,121.4359227670893
Majayjay,Laguna,Region IV-A (Calabarzon),14.139262363711493,121.48036194775683
Nagcarlan,Laguna,Region IV-A (Calabarzon),14.13417573019992,121.4044369319063
Paete,Laguna,Region IV-A (Calabarzon),14.374724438659436,121.53491013635009
Pagsanjan,Laguna,Region IV-A (Calabarzon),14.252026140555586,121.44872925328188
Pakil,Laguna,Region IV-A (Calabarzon),14.38810011600761,121.44847613341038
Pangil,Laguna,Region IV-A (Calabarzon),14.423088011895366,121.48823553096227
Pila,Laguna,Region IV-A (Calabarzon),14.231018066581656,121.36528028857437
Rizal,Laguna,Region IV-A (Calabarzon),14.095158189573224,121.40337416349276
San Pablo City,Laguna,Region IV-A (Calabarzon),14.050287955903995,121.33022303988751
City of San Pedro,Laguna,Region IV-A (Calabarzon),14.349179754112978,121.04035025316398
Santa Cruz (Capital),Laguna,Region IV-A (Calabarzon),14.260669808445138,121.4016303828868
Santa Maria,Laguna,Region IV-A (Calabarzon),14.510773208757122,121.42607404634933
City of Santa Rosa,Laguna,Region IV-A (Calabarzon),14.271944771294654,121.09170183028994
Siniloan,Laguna,Region IV-A (Calabarzon),14.476965858737845,121.49474839940828
Victoria,Laguna,Region IV-A (Calabarzon),14.20533056245501,121.33419816180555
Agdangan,Quezon,Region IV-A (Calabarzon),13.883833948902103,121.92381871223765
Alabat,Quezon,Region IV-A (Calabarzon),14.118316384992324,122.02876002795244
Atimonan,Quezon,Region IV-A (Calabarzon),13.98497756437115,121.88916837248819
Buenavista,Quezon,Region IV-A (Calabarzon),13.739645358565532,122.43235934889353
Burdeos,Quezon,Region IV-A (Calabarzon),14.902246812045636,121.98484787219088
Calauag,Quezon,Region IV-A (Calabarzon),14.054428481809701,122.2800248003617
Candelaria,Quezon,Region IV-A (Calabarzon),13.935404640598263,121.42720476320126
Catanauan,Quezon,Region IV-A (Calabarzon),13.644003326370806,122.31630741920513
Dolores,Quezon,Region IV-A (Calabarzon),14.013157132321217,121.40627299757334
General Luna,Quezon,Region IV-A (Calabarzon),13.697001509443382,122.22393425589436
General Nakar,Quezon,Region IV-A (Calabarzon),14.88207176403805,121.46191520395993
Guinayangan,Quezon,Region IV-A (Calabarzon),13.90817388463687,122.42595355513444
Gumaca,Quezon,Region IV-A (Calabarzon),13.876750690861332,122.12370716389331
Infanta,Quezon,Region IV-A (Calabarzon),14.67551046281517,121.58628479498934
Jomalig,Quezon,Region IV-A (Calabarzon),14.700506598299585,122.3763761608573
Lopez,Quezon,Region IV-A (Calabarzon),13.836647610984048,122.29717981690898
Lucban,Quezon,Region IV-A (Calabarzon),14.110807459266471,121.56957020880193
Lucena City (Capital),Quezon,Region IV-A (Calabarzon),13.936754070439562,121.61548490190832
Macalelon,Quezon,Region IV-A (Calabarzon),13.760243688655667,122.18579047981204
Mauban,Quezon,Region IV-A (Calabarzon),14.231761722626581,121.70512272604998
Mulanay,Quezon,Region IV-A (Calabarzon),13.525465921515922,122.45755978172626
Padre Burgos,Quezon,Region IV-A (Calabarzon),13.927070684759485,121.84901816226584
Pagbilao,Quezon,Region IV-A (Calabarzon),13.982054725740419,121.72847927438933
Panukulan,Quezon,Region IV-A (Calabarzon),14.979206474522442,121.89146593774636
Patnanungan,Quezon,Region IV-A (Calabarzon),14.795840549473642,122.18646309552449
Perez,Quezon,Region IV-A (Calabarzon),14.178165472231473,121.95839271985362
Pitogo,Quezon,Region IV-A (Calabarzon),13.809697983599024,122.09139715605917
Plaridel,Quezon,Region IV-A (Calabarzon),13.941276797715947,122.01298199375125
Polillo,Quezon,Region IV-A (Calabarzon),14.738008044896622,121.95352106967127
Quezon,Quezon,Region IV-A (Calabarzon),14.055315462621305,122.12387688091464
Real,Quezon,Region IV-A (Calabarzon),14.512769221073443,121.58207890388532
Sampaloc,Quezon,Region IV-A (Calabarzon),14.183931409404588,121.63315185313866
San Andres,Quezon,Region IV-A (Calabarzon),13.3403243912681,122.64412715479708
San Antonio,Quezon,Region IV-A (Calabarzon),13.900505320550304,121.29513500249386
San Francisco (Aurora),Quezon,Region IV-A (Calabarzon),13.294830812970018,122.57178747446471
San Narciso,Quezon,Region IV-A (Calabarzon),13.555560181594394,122.53384803016961
Sariaya,Quezon,Region IV-A (Calabarzon),13.928873292711124,121.5014201864527
Tagkawayan,Quezon,Region IV-A (Calabarzon),14.027017153291107,122.53842803065615
City of Tayabas,Quezon,Region IV-A (Calabarzon),14.037059279810538,121.61534931553224
Tiaong,Quezon,Region IV-A (Calabarzon),13.939235098279504,121.33403842366869
Unisan,Quezon,Region IV-A (Calabarzon),13.861294490089069,121.99980622711594
Angono,Rizal,Region IV-A (Calabarzon),14.539505581330813,121.16911273617441
City of Antipolo,Rizal,Region IV-A (Calabarzon),14.655878960365385,121.23628738398176
Baras,Rizal,Region IV-A (Calabarzon),14.575055885768855,121.27697665849139
Binangonan,Rizal,Region IV-A (Calabarzon),14.457088013132363,121.20232763130895
Cainta,Rizal,Region IV-A (Calabarzon),14.587369834424468,121.11683942577298
Cardona,Rizal,Region IV-A (Calabarzon),14.406306905830679,121.23153391811415
Jala-jala,Rizal,Region IV-A (Calabarzon),14.338883584095248,121.33667445416027
Rodriguez (Montalban),Rizal,Region IV-A (Calabarzon),14.772721067531899,121.21847086667348
Morong,Rizal,Region IV-A (Calabarzon),14.53379259416496,121.2388458444171
Pililla,Rizal,Region IV-A (Calabarzon),14.453875263703779,121.34330055662083
San Mateo,Rizal,Region IV-A (Calabarzon),14.682771342110568,121.16100381644904
Tanay,Rizal,Region IV-A (Calabarzon),14.603867934882848,121.3592809979025
Taytay,Rizal,Region IV-A (Calabarzon),14.554878174894007,121.13436479042166
Teresa,Rizal,Region IV-A (Calabarzon),14.561144385735782,121.2194454381908
Bacacay,Albay,Region V (Bicol Region),13.285751353771639,123.84528697079925
Camalig,Albay,Region V (Bicol Region),13.139937459963594,123.6376877199094
Daraga (Locsin),Albay,Region V (Bicol Region),13.11481320736576,123.6888614437964
Guinobatan,Albay,Region V (Bicol Region),13.17273935691256,123.57679290634756
Jovellar,Albay,Region V (Bicol Region),13.049079381795131,123.58223166447448
Legazpi City (Capital),Albay,Region V (Bicol Region),13.099321439683159,123.75318753894084
Libon,Albay,Region V (Bicol Region),13.248665139050564,123.37256691831898
City of Ligao,Albay,Region V (Bicol Region),13.183722022143318,123.49715818166162
Malilipot,Albay,Region V (Bicol Region),13.303626790783742,123.73412581448824
Malinao,Albay,Region V (Bicol Region),13.383480824356214,123.65122058079346
Manito,Albay,Region V (Bicol Region),13.0857136104995,123.8780583420421
Oas,Albay,Region V (Bicol Region),13.166582799153622,123.40341077376205
Pio Duran,Albay,Region V (Bicol Region),13.062640020503553,123.46550602853448
Polangui,Albay,Region V (Bicol Region),13.32423208371547,123.49700048642444
Rapu-Rapu,Albay,Region V (Bicol Region),13.233666818343268,124.06207026205591
Santo Domingo (Libog),Albay,Region V (Bicol Region),13.243749423202814,123.75918968709611
City of Tabaco,Albay,Region V (Bicol Region),13.332936904364587,123.69557068205789
Tiwi,Albay,Region V (Bicol Region),13.461920131577797,123.61567154931947
Basud,Camarines Norte,Region V (Bicol Region),13.989561219469136,122.97523093187006
Capalonga,Camarines Norte,Region V (Bicol Region),14.268060958882428,122.49405329339724
Daet (Capital),Camarines Norte,Region V (Bicol Region),14.106275502613583,122.94873338358616
San Lorenzo Ruiz (Imelda),Camarines Norte,Region V (Bicol Region),14.015005928373233,122.8755160761595
Jose Panganiban,Camarines Norte,Region V (Bicol Region),14.262721403332623,122.65415505724927
Labo,Camarines Norte,Region V (Bicol Region),14.135779892807545,122.690072503682
Mercedes,Camarines Norte,Region V (Bicol Region),13.97362897426079,123.04922791601865
Paracale,Camarines Norte,Region V (Bicol Region),14.254458287731685,122.77443243722216
San Vicente,Camarines Norte,Region V (Bicol Region),14.080508630128753,122.86105033340208
Santa Elena,Camarines Norte,Region V (Bicol Region),14.150507650265569,122.38602225784315
Talisay,Camarines Norte,Region V (Bicol Region),14.140638789536814,122.92713701284347
Vinzons,Camarines Norte,Region V (Bicol Region),14.252466250610569,122.90336507729721
Baao,Camarines Sur,Region V (Bicol Region),13.481947442552446,123.36672037172298
Balatan,Camarines Sur,Region V (Bicol Region),13.348240394562534,123.25251965841045
Bato,Camarines Sur,Region V (Bicol Region),13.319980742907347,123.31290588144381
Bombon,Camarines Sur,Region V (Bicol Region),13.683509184474977,123.20663215411659
Buhi,Camarines Sur,Region V (Bicol Region),13.429946670209223,123.51803144896245
Bula,Camarines Sur,Region V (Bicol Region),13.455567044676124,123.26190881500084
Cabusao,Camarines Sur,Region V (Bicol Region),13.741075871460646,123.07452642343296
Calabanga,Camarines Sur,Region V (Bicol Region),13.709574305377652,123.26958482179353
Camaligan,Camarines Sur,Region V (Bicol Region),13.623515685127487,123.15906393784907
Canaman,Camarines Sur,Region V (Bicol Region),13.64434069948601,123.1329905832252
Caramoan,Camarines Sur,Region V (Bicol Region),13.797680047210347,123.8326450375133
Del Gallego,Camarines Sur,Region V (Bicol Region),13.948778814418636,122.68211840473808
Gainza,Camarines Sur,Region V (Bicol Region),13.602481698387145,123.13398514950443
Garchitorena,Camarines Sur,Region V (Bicol Region),13.865693276318193,123.63496660785694
Goa,Camarines Sur,Region V (Bicol Region),13.73047141623418,123.43252449676014
Iriga City,Camarines Sur,Region V (Bicol Region),13.451253857933782,123.437297380887
Lagonoy,Camarines Sur,Region V (Bicol Region),13.822385927241582,123.51480258450123
Libmanan,Camarines Sur,Region V (Bicol Region),13.664769793052901,122.97855685936334
Lupi,Camarines Sur,Region V (Bicol Region),13.853184062107113,122.88970337749032
Magarao,Camarines Sur,Region V (Bicol Region),13.671898139964073,123.16312159412415
Milaor,Camarines Sur,Region V (Bicol Region),13.595132494406167,123.19367875168635
Minalabac,Camarines Sur,Region V (Bicol Region),13.51532430746827,123.19813957534737
Nabua,Camarines Sur,Region V (Bicol Region),13.395536800121997,123.34054748592071
Naga City,Camarines Sur,Region V (Bicol Region),13.643034600246773,123.25866736860188
Ocampo,Camarines Sur,Region V (Bicol Region),13.581035715132323,123.3833710864685
Pamplona,Camarines Sur,Region V (Bicol Region),13.588549352029112,123.0756693854689
Pasacao,Camarines Sur,Region V (Bicol Region),13.555026637232977,122.99257550993948
Pili (Capital),Camarines Sur,Region V (Bicol Region),13.588521008596604,123.29486384690144
Presentacion (Parubcan),Camarines Sur,Region V (Bicol Region),13.746733425665141,123.72708302100555
Ragay,Camarines Sur,Region V (Bicol Region),13.865392890604754,122.77560094729172
Sagñay,Camarines Sur,Region V (Bicol Region),13.560811573298464,123.51736033909923
San Fernando,Camarines Sur,Region V (Bicol Region),13.524009754018882,123.1263426187641
San Jose,Camarines Sur,Region V (Bicol Region),13.692331204657041,123.553290788884
Sipocot,Camarines Sur,Region V (Bicol Region),13.794176384294731,122.96031119843849
Siruma,Camarines Sur,Region V (Bicol Region),14.015836611379653,123.29661774696838
Tigaon,Camarines Sur,Region V (Bicol Region),13.625573511437677,123.46797119096969
Tinambac,Camarines Sur,Region V (Bicol Region),13.866865259914759,123.35925398412813
Bagamanoc,Catanduanes,Region V (Bicol Region),13.961620220300313,124.26567681863952
Baras,Catanduanes,Region V (Bicol Region),13.694137119196633,124.36436521443942
Bato,Catanduanes,Region V (Bicol Region),13.604588717826944,124.30944777450586
Caramoran,Catanduanes,Region V (Bicol Region),13.872550227427343,124.18129452342555
Gigmoto,Catanduanes,Region V (Bicol Region),13.785415342632891,124.35884216836995
Pandan,Catanduanes,Region V (Bicol Region),14.03087994879485,124.19640352701828
Panganiban (Payo),Catanduanes,Region V (Bicol Region),13.909578125901872,124.299489938032
San Andres (Calolbon),Catanduanes,Region V (Bicol Region),13.662240090577917,124.10996853798987
San Miguel,Catanduanes,Region V (Bicol Region),13.704023755569999,124.25581321069957
Viga,Catanduanes,Region V (Bicol Region),13.846512382240459,124.30953666195462
Virac (Capital),Catanduanes,Region V (Bicol Region),13.601338995744356,124.1946129374449
Aroroy,Masbate,Region V (Bicol Region),12.439246918566857,123.34116701689602
Baleno,Masbate,Region V (Bicol Region),12.423928671817462,123.47967435178506
Balud,Masbate,Region V (Bicol Region),12.021466102006618,123.23266996988113
Batuan,Masbate,Region V (Bicol Region),12.399993974662552,123.7626030004381
Cataingan,Masbate,Region V (Bicol Region),12.001463748823873,123.95648458007497
Cawayan,Masbate,Region V (Bicol Region),12.01872626921901,123.75725450082344
Claveria,Masbate,Region V (Bicol Region),12.867591685862987,123.2219468716043
Dimasalang,Masbate,Region V (Bicol Region),12.15393383081807,123.85178421961278
Esperanza,Masbate,Region V (Bicol Region),11.811613906839986,124.01012007818072
Mandaon,Masbate,Region V (Bicol Region),12.22584608969491,123.31032628294925
City of Masbate (Capital),Masbate,Region V (Bicol Region),12.336899568548365,123.56412471387802
Milagros,Masbate,Region V (Bicol Region),12.202762195428663,123.52411922026432
Mobo,Masbate,Region V (Bicol Region),12.273904522028285,123.66365458237041
Monreal,Masbate,Region V (Bicol Region),12.629809314516514,123.63857947905039
Palanas,Masbate,Region V (Bicol Region),12.097521677596713,123.89769956257314
Pio V. Corpus (Limbuhan),Masbate,Region V (Bicol Region),11.856455061900133,124.03243293056126
Placer,Masbate,Region V (Bicol Region),11.927638241252943,123.89279429514077
San Fernando,Masbate,Region V (Bicol Region),12.478745393415071,123.72520487481063
San Jacinto,Masbate,Region V (Bicol Region),12.557482570597932,123.69090872845021
San Pascual,Masbate,Region V (Bicol Region),13.05815864234966,123.02766572477657
Uson,Masbate,Region V (Bicol Region),12.17111391820165,123.75998222564083
Barcelona,Sorsogon,Region V (Bicol Region),12.832534788262873,124.11547738081424
Bulan,Sorsogon,Region V (Bicol Region),12.683906522675922,123.9256115067823
Bulusan,Sorsogon,Region V (Bicol Region),12.756955292109456,124.10500235342127
Casiguran,Sorsogon,Region V (Bicol Region),12.8592280963224,124.04244820972806
Castilla,Sorsogon,Region V (Bicol Region),12.95043958880006,123.81653034061435
Donsol,Sorsogon,Region V (Bicol Region),12.970970757383059,123.57723297155736
Gubat,Sorsogon,Region V (Bicol Region),12.924941516268472,124.10521021909427
Irosin,Sorsogon,Region V (Bicol Region),12.712336200315477,124.02939819660844
Juban,Sorsogon,Region V (Bicol Region),12.8107486082393,123.9743098854826
Magallanes,Sorsogon,Region V (Bicol Region),12.809259011598146,123.88300066516197
Matnog,Sorsogon,Region V (Bicol Region),12.589426745008925,124.03668877753235
Pilar,Sorsogon,Region V (Bicol Region),12.952337542362233,123.69895262439718
Prieto Diaz,Sorsogon,Region V (Bicol Region),13.036233002380705,124.1567496846498
Santa Magdalena,Sorsogon,Region V (Bicol Region),12.6571531937486,124.08773840286923
City of Sorsogon (Capital),Sorsogon,Region V (Bicol Region),13.018045149926724,123.98978770807075
Altavas,Aklan,Region VI (Western Visayas),11.514177062804048,122.46109224009156
Balete,Aklan,Region VI (Western Visayas),11.526973671855657,122.37499534165534
Banga,Aklan,Region VI (Western Visayas),11.599025040571686,122.32930147285907
Batan,Aklan,Region VI (Western Visayas),11.569491577101127,122.48425564528151
Buruanga,Aklan,Region VI (Western Visayas),11.831598851317963,121.91468442906911
Ibajay,Aklan,Region VI (Western Visayas),11.744509347496928,122.16921170633073
Kalibo (Capital),Aklan,Region VI (Western Visayas),11.693873154124287,122.37369206047649
Lezo,Aklan,Region VI (Western Visayas),11.677751592887908,122.31749005262148
Libacao,Aklan,Region VI (Western Visayas),11.415958895536667,122.29437637500783
Madalag,Aklan,Region VI (Western Visayas),11.465893804919123,122.2220106630161
Makato,Aklan,Region VI (Western Visayas),11.70954932767138,122.27356173712921
Malay,Aklan,Region VI (Western Visayas),11.893764030400284,121.94620785383238
Malinao,Aklan,Region VI (Western Visayas),11.604817967050082,122.22910851606424
Nabas,Aklan,Region VI (Western Visayas),11.844177310788863,122.03680643630736
New Washington,Aklan,Region VI (Western Visayas),11.63485363093521,122.41050484984645
Numancia,Aklan,Region VI (Western Visayas),11.717572628843294,122.33580703478128
Tangalan,Aklan,Region VI (Western Visayas),11.74125209302933,122.23297836932693
Anini-y,Antique,Region VI (Western Visayas),10.446742408283383,121.96476689152247
Barbaza,Antique,Region VI (Western Visayas),11.254156747732393,122.12462499270063
Belison,Antique,Region VI (Western Visayas),10.848726637704074,121.98366897118102
Bugasong,Antique,Region VI (Western Visayas),11.093844961213287,122.13312485523271
Caluya,Antique,Region VI (Western Visayas),11.970617012882073,121.44726170729587
Culasi,Antique,Region VI (Western Visayas),11.42263611884902,122.1087898018681
Tobias Fornier (Dao),Antique,Region VI (Western Visayas),10.52073400489419,121.97779696439467
Hamtic,Antique,Region VI (Western Visayas),10.666229553761477,122.0102276009921
Laua-an,Antique,Region VI (Western Visayas),11.155898063632199,122.1099492481242
Libertad,Antique,Region VI (Western Visayas),11.78734828962463,121.95015538465358
Pandan,Antique,Region VI (Western Visayas),11.742487196367206,122.09150330658746
Patnongon,Antique,Region VI (Western Visayas),10.922676967463836,122.03620240534758
San Jose (Capital),Antique,Region VI (Western Visayas),10.7719125890384,121.95668108314092
San Remigio,Antique,Region VI (Western Visayas),10.89812505104385,122.1764101183379
Sebaste,Antique,Region VI (Western Visayas),11.589269090591829,122.11814373789741
Sibalom,Antique,Region VI (Western Visayas),10.77234699538222,122.07161453310061
Tibiao,Antique,Region VI (Western Visayas),11.31266846196496,122.08431272284058
Valderrama,Antique,Region VI (Western Visayas),11.029797761184392,122.20424598194005
Cuartero,Capiz,Region VI (Western Visayas),11.310511824951112,122.76378954502071
Dao,Capiz,Region VI (Western Visayas),11.375275622876458,122.70588445984481
Dumalag,Capiz,Region VI (Western Visayas),11.311694837804241,122.61767904326754
Dumarao,Capiz,Region VI (Western Visayas),11.249402074315794,122.74683160195605
Ivisan,Capiz,Region VI (Western Visayas),11.519517808557984,122.68232557047186
Jamindan,Capiz,Region VI (Western Visayas),11.367466105155938,122.40034743717563
Ma-ayon,Capiz,Region VI (Western Visayas),11.352851819191162,122.84933537944174
Mambusao,Capiz,Region VI (Western Visayas),11.431481653746285,122.58347845465245
Panay,Capiz,Region VI (Western Visayas),11.534801283966846,122.832330451907
Panitan,Capiz,Region VI (Western Visayas),11.441511859846447,122.77143280521987
Pilar,Capiz,Region VI (Western Visayas),11.461986792748121,123.01682287627374
Pontevedra,Capiz,Region VI (Western Visayas),11.437717232043468,122.8666812122167
President Roxas,Capiz,Region VI (Western Visayas),11.418698039255185,122.94855755538138
Roxas City (Capital),Capiz,Region VI (Western Visayas),11.556165238821016,122.74471344913248
Sapi-an,Capiz,Region VI (Western Visayas),11.499919320966534,122.58898335666922
Sigma,Capiz,Region VI (Western Visayas),11.428700425611538,122.66875092432427
Tapaz,Capiz,Region VI (Western Visayas),11.256683184590303,122.4151283831771
Ajuy,Iloilo,Region VI (Western Visayas),11.144519298723464,122.99626956340119
Alimodian,Iloilo,Region VI (Western Visayas),10.854149771261852,122.38825952916307
Anilao,Iloilo,Region VI (Western Visayas),11.001648651114252,122.73934316492267
Badiangan,Iloilo,Region VI (Western Visayas),10.99141516834702,122.5313835963864
Balasan,Iloilo,Region VI (Western Visayas),11.45469797645621,123.08325808239704
Banate,Iloilo,Region VI (Western Visayas),11.04015418132923,122.7927450230316
Barotac Nuevo,Iloilo,Region VI (Western Visayas),10.908917857815288,122.7223209225958
Barotac Viejo,Iloilo,Region VI (Western Visayas),11.087113416379767,122.86961323589013
Batad,Iloilo,Region VI (Western Visayas),11.401663917399782,123.0999287268287
Bingawan,Iloilo,Region VI (Western Visayas),11.207614230354595,122.57650699224422
Cabatuan,Iloilo,Region VI (Western Visayas),10.88104298745419,122.49487176291723
Calinog,Iloilo,Region VI (Western Visayas),11.151167026141803,122.49595404765631
Carles,Iloilo,Region VI (Western Visayas),11.520488838199746,123.18445542652613
Concepcion,Iloilo,Region VI (Western Visayas),11.21887726769147,123.11898427539093
Dingle,Iloilo,Region VI (Western Visayas),11.011769028674872,122.66634002131156
Dueñas,Iloilo,Region VI (Western Visayas),11.05587747967719,122.58637362062704
Dumangas,Iloilo,Region VI (Western Visayas),10.834543336635745,122.71144407429568
Estancia,Iloilo,Region VI (Western Visayas),11.453164714620774,123.13464875677933
Guimbal,Iloilo,Region VI (Western Visayas),10.692603340701977,122.30986781398583
Igbaras,Iloilo,Region VI (Western Visayas),10.75444294075608,122.24206655759949
Iloilo City (Capital),Iloilo,Region VI (Western Visayas),10.723487744212292,122.55520290454665
Janiuay,Iloilo,Region VI (Western Visayas),10.996270063992114,122.42009410929789
Lambunao,Iloilo,Region VI (Western Visayas),11.108900509685183,122.39024488028807
Leganes,Iloilo,Region VI (Western Visayas),10.790262488073596,122.59873832631995
Lemery,Iloilo,Region VI (Western Visayas),11.228586488299264,122.91365289295618
Leon,Iloilo,Region VI (Western Visayas),10.824684466190197,122.34457461180999
Maasin,Iloilo,Region VI (Western Visayas),10.926285931455041,122.3960143614594
Miagao,Iloilo,Region VI (Western Visayas),10.68525405273334,122.18363691418666
Mina,Iloilo,Region VI (Western Visayas),10.929724487400943,122.58010312863433
New Lucena,Iloilo,Region VI (Western Visayas),10.872306199691849,122.57844925674205
Oton,Iloilo,Region VI (Western Visayas),10.72527970377032,122.46694118026439
City of Passi,Iloilo,Region VI (Western Visayas),11.166504946255344,122.66775986681802
Pavia,Iloilo,Region VI (Western Visayas),10.769582218986423,122.53447551017257
Pototan,Iloilo,Region VI (Western Visayas),10.92956289566946,122.63187428389223
San Dionisio,Iloilo,Region VI (Western Visayas),11.327246897959707,123.07638448813108
San Enrique,Iloilo,Region VI (Western Visayas),11.105237249933642,122.71683533099
San Joaquin,Iloilo,Region VI (Western Visayas),10.59575771190322,122.0775815275818
San Miguel,Iloilo,Region VI (Western Visayas),10.784836529193026,122.4704136499667
San Rafael,Iloilo,Region VI (Western Visayas),11.15265009222477,122.82679602184407
Santa Barbara,Iloilo,Region VI (Western Visayas),10.822579354394973,122.53995758689241
Sara,Iloilo,Region VI (Western Visayas),11.302378996760968,122.9973651257472
Tigbauan,Iloilo,Region VI (Western Visayas),10.715051270451166,122.37731040734701
Tubungan,Iloilo,Region VI (Western Visayas),10.800741253680634,122.28627087507755
Zarraga,Iloilo,Region VI (Western Visayas),10.827339598361279,122.62828332439736
Bacolod City (Capital),Negros Occidental,Region VI (Western Visayas),10.647059063731932,122.99296931644633
Bago City,Negros Occidental,Region VI (Western Visayas),10.500295648903595,122.98687819751696
Binalbagan,Negros Occidental,Region VI (Western Visayas),10.133197851444255,122.99338870617188
Cadiz City,Negros Occidental,Region VI (Western Visayas),10.851643524789253,123.25482380659282
Calatrava,Negros Occidental,Region VI (Western Visayas),10.639188033612962,123.40496080938686
Candoni,Negros Occidental,Region VI (Western Visayas),9.765003487056442,122.62684058833308
Cauayan,Negros Occidental,Region VI (Western Visayas),9.908466128649346,122.5579891279074
Enrique B. Magalona (Saravia),Negros Occidental,Region VI (Western Visayas),10.84296239645944,123.05176198989832
City of Escalante,Negros Occidental,Region VI (Western Visayas),10.80219800882585,123.47701819038731
City of Himamaylan,Negros Occidental,Region VI (Western Visayas),10.059980608252067,122.9255420885145
Hinigaran,Negros Occidental,Region VI (Western Visayas),10.26931764028518,122.90860774790005
Hinoba-an (Asia),Negros Occidental,Region VI (Western Visayas),9.584848107417848,122.57468480646361
Ilog,Negros Occidental,Region VI (Western Visayas),9.829567319537643,122.72498002535885
Isabela,Negros Occidental,Region VI (Western Visayas),10.206329137316162,123.03746594908384
City of Kabankalan,Negros Occidental,Region VI (Western Visayas),9.856440928455916,122.8260389279809
La Carlota City,Negros Occidental,Region VI (Western Visayas),10.414491262190907,122.98772384952751
La Castellana,Negros Occidental,Region VI (Western Visayas),10.343383474019747,123.0761651736771
Manapla,Negros Occidental,Region VI (Western Visayas),10.913903689895859,123.14159736908793
Moises Padilla (Magallon),Negros Occidental,Region VI (Western Visayas),10.271466297775127,123.1119270684751
Murcia,Negros Occidental,Region VI (Western Visayas),10.578747837761119,123.10088308519724
Pontevedra,Negros Occidental,Region VI (Western Visayas),10.355601223794812,122.92878712462621
Pulupandan,Negros Occidental,Region VI (Western Visayas),10.519663456839952,122.81893424125634
Sagay City,Negros Occidental,Region VI (Western Visayas),10.85074274133455,123.39567281326347
San Carlos City,Negros Occidental,Region VI (Western Visayas),10.489153227886089,123.30737429543792
San Enrique,Negros Occidental,Region VI (Western Visayas),10.41768110410151,122.87062093702616
Silay City,Negros Occidental,Region VI (Western Visayas),10.76663550071791,123.07964741169292
City of Sipalay,Negros Occidental,Region VI (Western Visayas),9.749444017371196,122.4770131925277
City of Talisay,Negros Occidental,Region VI (Western Visayas),10.701286079948812,123.08352851693724
Toboso,Negros Occidental,Region VI (Western Visayas),10.72622013620419,123.4469228832741
Valladolid,Negros Occidental,Region VI (Western Visayas),10.46177538726442,122.85289751406977
City of Victorias,Negros Occidental,Region VI (Western Visayas),10.850404649118817,123.11160548710893
Salvador Benedicto,Negros Occidental,Region VI (Western Visayas),10.589262580460991,123.25689502688213
Buenavista,Guimaras,Region VI (Western Visayas),10.689477357002612,122.6632184542057
Jordan (Capital),Guimaras,Region VI (Western Visayas),10.606627774349793,122.57358698827673
Nueva Valencia,Guimaras,Region VI (Western Visayas),10.468007133110206,122.5466692628607
San Lorenzo,Guimaras,Region VI (Western Visayas),10.594054142724891,122.67237421869005
Sibunag,Guimaras,Region VI (Western Visayas),10.514065285884806,122.61898679112949
Alburquerque,Bohol,Region VII (Central Visayas),9.636891664723471,123.9655814798357
Alicia,Bohol,Region VII (Central Visayas),9.89168820306292,124.42678072054157
Anda,Bohol,Region VII (Central Visayas),9.768011299508776,124.5533735897361
Antequera,Bohol,Region VII (Central Visayas),9.789971953088742,123.91251557864048
Baclayon,Bohol,Region VII (Central Visayas),9.636298042882352,123.91701463433168
Balilihan,Bohol,Region VII (Central Visayas),9.766444391022427,123.99565722781328
Batuan,Bohol,Region VII (Central Visayas),9.803625806492734,124.1256784967577
Bilar,Bohol,Region VII (Central Visayas),9.706179661347468,124.11612608499227
Buenavista,Bohol,Region VII (Central Visayas),10.046415294789501,124.16336011104005
Calape,Bohol,Region VII (Central Visayas),9.88302566480479,123.88688872924352
Candijay,Bohol,Region VII (Central Visayas),9.828496800619995,124.4814909689091
Carmen,Bohol,Region VII (Central Visayas),9.835926629911834,124.19849917736572
Catigbian,Bohol,Region VII (Central Visayas),9.849148586497682,124.03166169184962
Clarin,Bohol,Region VII (Central Visayas),9.944564361316806,124.03988529617777
Corella,Bohol,Region VII (Central Visayas),9.688590337476787,123.93205538887526
Cortes,Bohol,Region VII (Central Visayas),9.719170779125726,123.90373095617821
Dagohoy,Bohol,Region VII (Central Visayas),9.906535689013237,124.27347674493731
Danao,Bohol,Region VII (Central Visayas),9.962416879630341,124.20439335647879
Dauis,Bohol,Region VII (Central Visayas),9.609734311486038,123.8307825222844
Dimiao,Bohol,Region VII (Central Visayas),9.649595271529467,124.15920131069217
Duero,Bohol,Region VII (Central Visayas),9.739111430625725,124.38477280992537
Garcia Hernandez,Bohol,Region VII (Central Visayas),9.66327156026562,124.28153930001176
Guindulman,Bohol,Region VII (Central Visayas),9.775299234865702,124.44933850546074
Inabanga,Bohol,Region VII (Central Visayas),10.00062486344854,124.09750841426593
Jagna,Bohol,Region VII (Central Visayas),9.69317238179179,124.3428879258301
Getafe,Bohol,Region VII (Central Visayas),10.127017977865329,124.18392825708678
Lila,Bohol,Region VII (Central Visayas),9.608274407678094,124.10610633077594
Loay,Bohol,Region VII (Central Visayas),9.610665651871669,124.01615532375429
Loboc,Bohol,Region VII (Central Visayas),9.64433368485587,124.04052783163444
Loon,Bohol,Region VII (Central Visayas),9.819069565913503,123.82501293277387
Mabini,Bohol,Region VII (Central Visayas),9.90540797627821,124.51903666743776
Maribojoc,Bohol,Region VII (Central Visayas),9.75297016784268,123.85382724706487
Panglao,Bohol,Region VII (Central Visayas),9.579323516794995,123.77478324801827
Pilar,Bohol,Region VII (Central Visayas),9.846092947042681,124.34960260438177
President Carlos P. Garcia (Pitogo),Bohol,Region VII (Central Visayas),10.104047411083785,124.56470873911549
Sagbayan (Borja),Bohol,Region VII (Central Visayas),9.911024422725099,124.09801229210157
San Isidro,Bohol,Region VII (Central Visayas),9.855014596217345,123.94976773892004
San Miguel,Bohol,Region VII (Central Visayas),9.979136207992108,124.33340231122152
Sevilla,Bohol,Region VII (Central Visayas),9.720531672970388,124.04963759259067
Sierra Bullones,Bohol,Region VII (Central Visayas),9.779969638611984,124.28388414383
Sikatuna,Bohol,Region VII (Central Visayas),9.691262615710112,123.99476956240031
Tagbilaran City (Capital),Bohol,Region VII (Central Visayas),9.665692126588818,123.87113073747925
Talibon,Bohol,Region VII (Central Visayas),10.11746860495453,124.27855349491767
Trinidad,Bohol,Region VII (Central Visayas),10.044976589855004,124.32453556503862
Tubigon,Bohol,Region VII (Central Visayas),9.925784569571723,123.97456166890527
Ubay,Bohol,Region VII (Central Visayas),9.99817297415585,124.45891427911978
Valencia,Bohol,Region VII (Central Visayas),9.664407533886802,124.21846335078817
Bien Unido,Bohol,Region VII (Central Visayas),10.1291175442259,124.37414138982915
Alcantara,Cebu,Region VII (Central Visayas),9.965353918748011,123.44141561533888
Alcoy,Cebu,Region VII (Central Visayas),9.71072161885855,123.46774342033916
Alegria,Cebu,Region VII (Central Visayas),9.743801416752556,123.38186159507099
Aloguinsan,Cebu,Region VII (Central Visayas),10.193960391003513,123.57595872294738
Argao,Cebu,Region VII (Central Visayas),9.917930927647658,123.54803732423332
Asturias,Cebu,Region VII (Central Visayas),10.579568017795479,123.79029897707609
Badian,Cebu,Region VII (Central Visayas),9.8497521496611,123.41845865370904
Balamban,Cebu,Region VII (Central Visayas),10.483419744007959,123.77651964575513
Bantayan,Cebu,Region VII (Central Visayas),11.188147052249414,123.7281606728832
Barili,Cebu,Region VII (Central Visayas),10.112996445080782,123.5353965339559
City of Bogo,Cebu,Region VII (Central Visayas),11.018728565899043,123.99218266756837
Boljoon,Cebu,Region VII (Central Visayas),9.641035619294275,123.44514324687802
Borbon,Cebu,Region VII (Central Visayas),10.84875501458359,123.99352588739508
City of Carcar,Cebu,Region VII (Central Visayas),10.11930658612083,123.63050136034312
Carmen,Cebu,Region VII (Central Visayas),10.59908237799359,123.96999461095471
Catmon,Cebu,Region VII (Central Visayas),10.670427916504124,123.97115167691801
Cebu City (Capital),Cebu,Region VII (Central Visayas),10.379231691534368,123.85999621630816
Compostela,Cebu,Region VII (Central Visayas),10.472415956295633,123.96982304039476
Consolacion,Cebu,Region VII (Central Visayas),10.396431231464154,123.95028666271914
Cordova,Cebu,Region VII (Central Visayas),10.258933537772819,123.94989338394306
Daanbantayan,Cebu,Region VII (Central Visayas),11.226563403352113,124.02279050729784
Dalaguete,Cebu,Region VII (Central Visayas),9.799734604795093,123.48851981028817
Danao City,Cebu,Region VII (Central Visayas),10.540061193573779,123.94034893825287
Dumanjug,Cebu,Region VII (Central Visayas),10.040708652782929,123.4743382542186
Ginatilan,Cebu,Region VII (Central Visayas),9.579194381031845,123.3459558688639
Lapu-Lapu City (Opon),Cebu,Region VII (Central Visayas),10.286819843338542,123.99241550943448
Liloan,Cebu,Region VII (Central Visayas),10.419646350696732,123.97366594706266
Madridejos,Cebu,Region VII (Central Visayas),11.266104031183506,123.73218815046195
Malabuyoc,Cebu,Region VII (Central Visayas),9.65607991687279,123.36487386344469
Mandaue City,Cebu,Region VII (Central Visayas),10.345390075356232,123.9408655473468
Medellin,Cebu,Region VII (Central Visayas),11.142678066936513,123.97714151322977
Minglanilla,Cebu,Region VII (Central Visayas),10.277248713616215,123.78058690691321
Moalboal,Cebu,Region VII (Central Visayas),9.938356810159428,123.42809808983132
City of Naga,Cebu,Region VII (Central Visayas),10.243200053269337,123.72252014278979
Oslob,Cebu,Region VII (Central Visayas),9.539472011255857,123.4005038716728
Pilar,Cebu,Region VII (Central Visayas),10.770270531103758,124.53041358580903
Pinamungajan,Cebu,Region VII (Central Visayas),10.265992365262601,123.61917009025548
Poro,Cebu,Region VII (Central Visayas),10.671648728610593,124.4308698315624
Ronda,Cebu,Region VII (Central Visayas),9.99379840494427,123.45186582501884
Samboan,Cebu,Region VII (Central Visayas),9.507555602385441,123.32610576425124
San Fernando,Cebu,Region VII (Central Visayas),10.18521227361545,123.6758305698643
San Francisco,Cebu,Region VII (Central Visayas),10.64694051511568,124.33300213555684
San Remigio,Cebu,Region VII (Central Visayas),10.979495512395472,123.93444964895953
Santa Fe,Cebu,Region VII (Central Visayas),11.218253546998087,123.8220959550553
Santander,Cebu,Region VII (Central Visayas),9.44255756420711,123.32915433298749
Sibonga,Cebu,Region VII (Central Visayas),10.024883529719856,123.57943621621908
Sogod,Cebu,Region VII (Central Visayas),10.761160788817213,123.96369176033673
Tabogon,Cebu,Region VII (Central Visayas),10.930767845859538,124.00128119678361
Tabuelan,Cebu,Region VII (Central Visayas),10.839003343799973,123.90485770994222
City of Talisay,Cebu,Region VII (Central Visayas),10.283525975175136,123.82120591674037
Toledo City,Cebu,Region VII (Central Visayas),10.358792206601594,123.6961359782941
Tuburan,Cebu,Region VII (Central Visayas),10.692211477953919,123.85828708071108
Tudela,Cebu,Region VII (Central Visayas),10.661553492412366,124.48218554618114
Amlan (Ayuquitan),Negros Oriental,Region VII (Central Visayas),9.429018986892276,123.1750138806211
Ayungon,Negros Oriental,Region VII (Central Visayas),9.850077566771047,123.03945960815064
Bacong,Negros Oriental,Region VII (Central Visayas),9.248700332737466,123.26081251766112
Bais City,Negros Oriental,Region VII (Central Visayas),9.591452005420553,123.02612988049533
Basay,Negros Oriental,Region VII (Central Visayas),9.45565555796373,122.66596004972457
City of Bayawan (Tulong),Negros Oriental,Region VII (Central Visayas),9.508918275572496,122.81094096209311
Bindoy (Payabon),Negros Oriental,Region VII (Central Visayas),9.760936179349827,123.07511766316063
Canlaon City,Negros Oriental,Region VII (Central Visayas),10.376585336489187,123.20783272891235
Dauin,Negros Oriental,Region VII (Central Visayas),9.204206195701179,123.22432109997453
Dumaguete City (Capital),Negros Oriental,Region VII (Central Visayas),9.303105487901195,123.2840486092927
City of Guihulngan,Negros Oriental,Region VII (Central Visayas),10.19364252457218,123.22272157441732
Jimalalud,Negros Oriental,Region VII (Central Visayas),10.011020640898249,123.12176151790506
La Libertad,Negros Oriental,Region VII (Central Visayas),10.073987491281772,123.1550170187272
Mabinay,Negros Oriental,Region VII (Central Visayas),9.699120730484024,122.9259607882378
Manjuyod,Negros Oriental,Region VII (Central Visayas),9.701883034916444,123.06150759379214
Pamplona,Negros Oriental,Region VII (Central Visayas),9.428425171437393,123.04601406492527
San Jose,Negros Oriental,Region VII (Central Visayas),9.404260701376195,123.21269347309894
Santa Catalina,Negros Oriental,Region VII (Central Visayas),9.2966532044743,122.94726501300008
Siaton,Negros Oriental,Region VII (Central Visayas),9.146598443591754,123.03880090236048
Sibulan,Negros Oriental,Region VII (Central Visayas),9.35117882324373,123.16353616656477
City of Tanjay,Negros Oriental,Region VII (Central Visayas),9.50470670245436,123.04763641070014
Tayasan,Negros Oriental,Region VII (Central Visayas),9.944461571903036,123.07456126808285
Valencia (Luzurriaga),Negros Oriental,Region VII (Central Visayas),9.291221034013082,123.16083241204109
Vallehermoso,Negros Oriental,Region VII (Central Visayas),10.34336897693568,123.29273438141371
Zamboanguita,Negros Oriental,Region VII (Central Visayas),9.162414973590638,123.1624693156188
Enrique Villanueva,Siquijor,Region VII (Central Visayas),9.261213414708408,123.63566541922177
Larena,Siquijor,Region VII (Central Visayas),9.24025348628568,123.60579404741304
Lazi,Siquijor,Region VII (Central Visayas),9.140028722047544,123.60801374585132
Maria,Siquijor,Region VII (Central Visayas),9.177954381546217,123.6558877928569
San Juan,Siquijor,Region VII (Central Visayas),9.15275145836485,123.52000956105327
Siquijor (Capital),Siquijor,Region VII (Central Visayas),9.192730366645641,123.53740222021398
Arteche,Eastern Samar,Region VIII (Eastern Visayas),12.247257682034665,125.31820215898446
Balangiga,Eastern Samar,Region VIII (Eastern Visayas),11.197472059526795,125.36411274067719
Balangkayan,Eastern Samar,Region VIII (Eastern Visayas),11.404246349057077,125.39571257723709
City of Borongan (Capital),Eastern Samar,Region VIII (Eastern Visayas),11.5879568032919,125.33519489055143
Can-avid,Eastern Samar,Region VIII (Eastern Visayas),11.968383035152325,125.32123879007712
Dolores,Eastern Samar,Region VIII (Eastern Visayas),12.065218752618996,125.33284121562953
General Macarthur,Eastern Samar,Region VIII (Eastern Visayas),11.27392828241519,125.47592517242917
Giporlos,Eastern Samar,Region VIII (Eastern Visayas),11.163241398401052,125.45070027313491
Guiuan,Eastern Samar,Region VIII (Eastern Visayas),10.853487393479258,125.73661394333439
Hernani,Eastern Samar,Region VIII (Eastern Visayas),11.32267107037583,125.58907119825926
Jipapad,Eastern Samar,Region VIII (Eastern Visayas),12.277437338553677,125.21283957711417
Lawaan,Eastern Samar,Region VIII (Eastern Visayas),11.1972331742332,125.28570165190152
Llorente,Eastern Samar,Region VIII (Eastern Visayas),11.351892501086978,125.4489373754078
Maslog,Eastern Samar,Region VIII (Eastern Visayas),12.124229395684983,125.19628915433479
Maydolong,Eastern Samar,Region VIII (Eastern Visayas),11.464467285567437,125.36302429370134
Mercedes,Eastern Samar,Region VIII (Eastern Visayas),11.089729171181805,125.7040923260533
Oras,Eastern Samar,Region VIII (Eastern Visayas),12.163403888931889,125.38632743634697
Quinapondan,Eastern Samar,Region VIII (Eastern Visayas),11.178284431076355,125.50663616361186
Salcedo,Eastern Samar,Region VIII (Eastern Visayas),11.158492013848134,125.62834924823593
San Julian,Eastern Samar,Region VIII (Eastern Visayas),11.732446445058455,125.37577461998964
San Policarpo,Eastern Samar,Region VIII (Eastern Visayas),12.218463206199946,125.45290543377844
Sulat,Eastern Samar,Region VIII (Eastern Visayas),11.79630571643557,125.3777911898204
Taft,Eastern Samar,Region VIII (Eastern Visayas),11.872302058375348,125.3434704278141
Abuyog,Leyte,Region VIII (Eastern Visayas),10.643690603024961,125.05029766412893
Alangalang,Leyte,Region VIII (Eastern Visayas),11.219894132141544,124.86305681219005
Albuera,Leyte,Region VIII (Eastern Visayas),10.923625545061963,124.71411029406167
Babatngon,Leyte,Region VIII (Eastern Visayas),11.386035352962551,124.89982135854977
Barugo,Leyte,Region VIII (Eastern Visayas),11.306143683978812,124.76956738522254
Bato,Leyte,Region VIII (Eastern Visayas),10.335176984653636,124.84930436841306
City of Baybay,Leyte,Region VIII (Eastern Visayas),10.67543123427349,124.83505076851041
Burauen,Leyte,Region VIII (Eastern Visayas),10.934672889881714,124.8331349068289
Calubian,Leyte,Region VIII (Eastern Visayas),11.478294979357921,124.37215524106841
Capoocan,Leyte,Region VIII (Eastern Visayas),11.288395491932555,124.58724189200566
Carigara,Leyte,Region VIII (Eastern Visayas),11.25352607904554,124.6994623402158
Dagami,Leyte,Region VIII (Eastern Visayas),11.069466996674105,124.8763803418333
Dulag,Leyte,Region VIII (Eastern Visayas),10.965371801442853,125.00365021937967
Hilongos,Leyte,Region VIII (Eastern Visayas),10.415053115153736,124.82042569724386
Hindang,Leyte,Region VIII (Eastern Visayas),10.456941632169691,124.76243553714639
Inopacan,Leyte,Region VIII (Eastern Visayas),10.514916552360464,124.81503551781881
Isabel,Leyte,Region VIII (Eastern Visayas),10.922450569206482,124.45654608700812
Jaro,Leyte,Region VIII (Eastern Visayas),11.159685021212923,124.76841053213766
Javier (Bugho),Leyte,Region VIII (Eastern Visayas),10.747940274130753,124.91815752891627
Julita,Leyte,Region VIII (Eastern Visayas),10.970590481877302,124.95816543902151
Kananga,Leyte,Region VIII (Eastern Visayas),11.182160959018054,124.60221756514107
La Paz,Leyte,Region VIII (Eastern Visayas),10.885259990991937,124.91651304105953
Leyte,Leyte,Region VIII (Eastern Visayas),11.340865299216226,124.4988482243243
Macarthur,Leyte,Region VIII (Eastern Visayas),10.825424192971928,124.93553221521053
Mahaplag,Leyte,Region VIII (Eastern Visayas),10.58233071366792,124.96363166959195
Matag-ob,Leyte,Region VIII (Eastern Visayas),11.13638946323877,124.46652289186117
Matalom,Leyte,Region VIII (Eastern Visayas),10.260352115183748,124.82670835427233
Mayorga,Leyte,Region VIII (Eastern Visayas),10.882494796454772,124.98554556496593
Merida,Leyte,Region VIII (Eastern Visayas),10.957235657225523,124.50848641040527
Ormoc City,Leyte,Region VIII (Eastern Visayas),11.054206853422006,124.65387979428506
Palo,Leyte,Region VIII (Eastern Visayas),11.158779515254672,124.97181614621404
Palompon,Leyte,Region VIII (Eastern Visayas),11.028828592690273,124.42940621522962
Pastrana,Leyte,Region VIII (Eastern Visayas),11.124082351798398,124.88821496191622
San Isidro,Leyte,Region VIII (Eastern Visayas),11.433108661684326,124.35209840103583
San Miguel,Leyte,Region VIII (Eastern Visayas),11.321428485325118,124.84395054007858
Santa Fe,Leyte,Region VIII (Eastern Visayas),11.183061157051332,124.92685203289071
Tabango,Leyte,Region VIII (Eastern Visayas),11.319628578403979,124.41480704463031
Tabontabon,Leyte,Region VIII (Eastern Visayas),11.037529395118286,124.95364430715865
Tacloban City (Capital),Leyte,Region VIII (Eastern Visayas),11.271342737489952,124.95536430245537
Tanauan,Leyte,Region VIII (Eastern Visayas),11.084010597779391,124.9906430809068
Tolosa,Leyte,Region VIII (Eastern Visayas),11.035033429951882,125.02393976934691
Tunga,Leyte,Region VIII (Eastern Visayas),11.254365475918489,124.75925997830856
Villaba,Leyte,Region VIII (Eastern Visayas),11.213530952838017,124.43938358429652
Allen,Northern Samar,Region VIII (Eastern Visayas),12.512386958676553,124.30063009368202
Biri,Northern Samar,Region VIII (Eastern Visayas),12.658538233640883,124.39077293081678
Bobon,Northern Samar,Region VIII (Eastern Visayas),12.438617681700196,124.5296369057631
Capul,Northern Samar,Region VIII (Eastern Visayas),12.428125337949345,124.16252883634857
Catarman (Capital),Northern Samar,Region VIII (Eastern Visayas),12.423769463973459,124.6247428322401
Catubig,Northern Samar,Region VIII (Eastern Visayas),12.391079840843696,125.09288527711082
Gamay,Northern Samar,Region VIII (Eastern Visayas),12.387499465961334,125.26054785627821
Laoang,Northern Samar,Region VIII (Eastern Visayas),12.539008852172074,125.02618458235318
Lapinig,Northern Samar,Region VIII (Eastern Visayas),12.312023277328642,125.28573194167753
Las Navas,Northern Samar,Region VIII (Eastern Visayas),12.300548772536166,125.02326149131054
Lavezares,Northern Samar,Region VIII (Eastern Visayas),12.534580358647725,124.3599373688676
Mapanas,Northern Samar,Region VIII (Eastern Visayas),12.439625500887763,125.20920471267463
Mondragon,Northern Samar,Region VIII (Eastern Visayas),12.412306639359402,124.77227421284125
Palapag,Northern Samar,Region VIII (Eastern Visayas),12.514348686011118,125.144233003784
Pambujan,Northern Samar,Region VIII (Eastern Visayas),12.458688685658245,124.9372152920481
Rosario,Northern Samar,Region VIII (Eastern Visayas),12.509300813376088,124.43101974016172
San Antonio,Northern Samar,Region VIII (Eastern Visayas),12.410100586038501,124.26296425152388
San Isidro,Northern Samar,Region VIII (Eastern Visayas),12.34970454600285,124.39521069463977
San Jose,Northern Samar,Region VIII (Eastern Visayas),12.493282758264698,124.48555966064619
San Roque,Northern Samar,Region VIII (Eastern Visayas),12.463031847162291,124.8707017272824
San Vicente,Northern Samar,Region VIII (Eastern Visayas),12.339619723523532,124.06085220812942
Silvino Lobos,Northern Samar,Region VIII (Eastern Visayas),12.281124130906136,124.8603439798403
Victoria,Northern Samar,Region VIII (Eastern Visayas),12.431300665366802,124.39961672693416
Lope De Vega,Northern Samar,Region VIII (Eastern Visayas),12.313836394530071,124.64395201963067
Almagro,Samar (Western Samar),Region VIII (Eastern Visayas),11.927983849271733,124.31141199041932
Basey,Samar (Western Samar),Region VIII (Eastern Visayas),11.390287191621015,125.15461466116028
Calbayog City,Samar (Western Samar),Region VIII (Eastern Visayas),12.190944965396453,124.58644760384645
Calbiga,Samar (Western Samar),Region VIII (Eastern Visayas),11.605185729372504,125.08104152230473
City of Catbalogan (Capital),Samar (Western Samar),Region VIII (Eastern Visayas),11.83826412553433,124.88694269104022
Daram,Samar (Western Samar),Region VIII (Eastern Visayas),11.629717808048076,124.7796858493773
Gandara,Samar (Western Samar),Region VIII (Eastern Visayas),12.069918060283994,124.81979960395857
Hinabangan,Samar (Western Samar),Region VIII (Eastern Visayas),11.720141376511195,125.1807680824161
Jiabong,Samar (Western Samar),Region VIII (Eastern Visayas),11.851070559734893,124.97296588633215
Marabut,Samar (Western Samar),Region VIII (Eastern Visayas),11.206380435200849,125.21700266755532
Matuguinao,Samar (Western Samar),Region VIII (Eastern Visayas),12.193630082555352,125.01156257758349
Motiong,Samar (Western Samar),Region VIII (Eastern Visayas),11.899151268738068,125.01173855343325
Pinabacdao,Samar (Western Samar),Region VIII (Eastern Visayas),11.544803491938007,125.0492393979069
San Jose de Buan,Samar (Western Samar),Region VIII (Eastern Visayas),12.069958210471725,125.05697726335778
San Sebastian,Samar (Western Samar),Region VIII (Eastern Visayas),11.696932368033726,125.02813906904527
Santa Margarita,Samar (Western Samar),Region VIII (Eastern Visayas),12.0575164610359,124.7124688078598
Santa Rita,Samar (Western Samar),Region VIII (Eastern Visayas),11.4336237408501,125.00423732064189
Santo Niño,Samar (Western Samar),Region VIII (Eastern Visayas),11.926095925048163,124.43481470557629
Talalora,Samar (Western Samar),Region VIII (Eastern Visayas),11.508955183533377,124.84783237352467
Tarangnan,Samar (Western Samar),Region VIII (Eastern Visayas),11.908711362280632,124.78573782489292
Villareal,Samar (Western Samar),Region VIII (Eastern Visayas),11.538913147018597,124.94347589184986
Paranas (Wright),Samar (Western Samar),Region VIII (Eastern Visayas),11.874206826706686,125.12696864890503
Zumarraga,Samar (Western Samar),Region VIII (Eastern Visayas),11.660584484754132,124.85673329130682
Tagapul-an,Samar (Western Samar),Region VIII (Eastern Visayas),12.062090393968072,124.19009816021003
San Jorge,Samar (Western Samar),Region VIII (Eastern Visayas),11.982853117038253,124.90273452170271
Pagsanghan,Samar (Western Samar),Region VIII (Eastern Visayas),11.964064798923618,124.75390300680826
Anahawan,Southern Leyte,Region VIII (Eastern Visayas),10.289406626285391,125.23313622455134
Bontoc,Southern Leyte,Region VIII (Eastern Visayas),10.382268721203891,124.91953510040445
Hinunangan,Southern Leyte,Region VIII (Eastern Visayas),10.384654736360407,125.15747816280087
Hinundayan,Southern Leyte,Region VIII (Eastern Visayas),10.345153922167972,125.23883503528667
Libagon,Southern Leyte,Region VIII (Eastern Visayas),10.32903364379889,125.06838003236791
Liloan,Southern Leyte,Region VIII (Eastern Visayas),10.133082364716731,125.16173347186094
City of Maasin (Capital),Southern Leyte,Region VIII (Eastern Visayas),10.183465477257151,124.86174242540439
Macrohon,Southern Leyte,Region VIII (Eastern Visayas),10.091021400994997,124.9507972632267
Malitbog,Southern Leyte,Region VIII (Eastern Visayas),10.166061655267514,124.96857386306229
Padre Burgos,Southern Leyte,Region VIII (Eastern Visayas),10.068167384546046,125.00745467357115
Pintuyan,Southern Leyte,Region VIII (Eastern Visayas),9.975065204063165,125.24130249056988
Saint Bernard,Southern Leyte,Region VIII (Eastern Visayas),10.317268558550207,125.11671646348385
San Francisco,Southern Leyte,Region VIII (Eastern Visayas),10.06883004755567,125.16916090895205
San Juan (Cabalian),Southern Leyte,Region VIII (Eastern Visayas),10.27233423805606,125.19058970247154
San Ricardo,Southern Leyte,Region VIII (Eastern Visayas),9.989793327644195,125.25924483464628
Silago,Southern Leyte,Region VIII (Eastern Visayas),10.51399060568402,125.12818871037597
Sogod,Southern Leyte,Region VIII (Eastern Visayas),10.44850170768254,124.99547427172051
Tomas Oppus,Southern Leyte,Region VIII (Eastern Visayas),10.274861856885646,124.95263689654975
Limasawa,Southern Leyte,Region VIII (Eastern Visayas),9.930555488877282,125.07152148940285
Almeria,Biliran,Region VIII (Eastern Visayas),11.635068724547029,124.40404927288628
Biliran,Biliran,Region VIII (Eastern Visayas),11.504569893804874,124.48293786717383
Cabucgayan,Biliran,Region VIII (Eastern Visayas),11.50472192568619,124.56151370572131
Caibiran,Biliran,Region VIII (Eastern Visayas),11.56194447147012,124.55148232002061
Culaba,Biliran,Region VIII (Eastern Visayas),11.63642503483403,124.50926304735508
Kawayan,Biliran,Region VIII (Eastern Visayas),11.6758996033073,124.42464424664388
Maripipi,Biliran,Region VIII (Eastern Visayas),11.7889992499387,124.32325685817416
Naval (Capital),Biliran,Region VIII (Eastern Visayas),11.569799141487515,124.43657117900152
Dapitan City,Zamboanga del Norte,Region IX (Zamboanga Peninsula),8.5926382892078,123.44306380144376
Dipolog City (Capital),Zamboanga del Norte,Region IX (Zamboanga Peninsula),8.504840791544083,123.34756312423688
Katipunan,Zamboanga del Norte,Region IX (Zamboanga Peninsula),8.39921649868995,123.27500303026382
La Libertad,Zamboanga del Norte,Region IX (Zamboanga Peninsula),8.459882253898844,123.52693018331657
Labason,Zamboanga del Norte,Region IX (Zamboanga Peninsula),8.035799751721845,122.53240842359733
Liloy,Zamboanga del Norte,Region IX (Zamboanga Peninsula),8.083058440565056,122.67566453321315
Manukan,Zamboanga del Norte,Region IX (Zamboanga Peninsula),8.461901675141624,123.10929436404658
Mutia,Zamboanga del Norte,Region IX (Zamboanga Peninsula),8.381449381636662,123.51604324782701
Piñan (New Piñan),Zamboanga del Norte,Region IX (Zamboanga Peninsula),8.4182548191383,123.45043032066637
Polanco,Zamboanga del Norte,Region IX (Zamboanga Peninsula),8.454285443049804,123.39060924466831
Pres. Manuel A. Roxas,Zamboanga del Norte,Region IX (Zamboanga Peninsula),8.4226893452561,123.18653305602443
Rizal,Zamboanga del Norte,Region IX (Zamboanga Peninsula),8.553980541891523,123.53701271912155
Salug,Zamboanga del Norte,Region IX (Zamboanga Peninsula),8.07435823221494,122.79436689392082
Sergio Osmeña Sr.,Zamboanga del Norte,Region IX (Zamboanga Peninsula),8.28915289598489,123.38492504427786
Siayan,Zamboanga del Norte,Region IX (Zamboanga Peninsula),8.15575320645087,123.12840705920189
Sibuco,Zamboanga del Norte,Region IX (Zamboanga Peninsula),7.305921652994448,122.07925499666385
Sibutad,Zamboanga del Norte,Region IX (Zamboanga Peninsula),8.603822558803534,123.4867126899013
Sindangan,Zamboanga del Norte,Region IX (Zamboanga Peninsula),8.193362953305098,123.02476935083637
Siocon,Zamboanga del Norte,Region IX (Zamboanga Peninsula),7.684510278317871,122.22673714281363
Sirawai,Zamboanga del Norte,Region IX (Zamboanga Peninsula),7.542545996566609,122.1955044440356
Tampilisan,Zamboanga del Norte,Region IX (Zamboanga Peninsula),7.9596530230492935,122.68058678170033
Jose Dalman (Ponot),Zamboanga del Norte,Region IX (Zamboanga Peninsula),8.395400090146167,123.05575977722671
Gutalac,Zamboanga del Norte,Region IX (Zamboanga Peninsula),7.948670275486044,122.36382568241572
Baliguian,Zamboanga del Norte,Region IX (Zamboanga Peninsula),7.819985847217597,122.2526989904068
Godod,Zamboanga del Norte,Region IX (Zamboanga Peninsula),7.993378420124786,122.8332697608326
Bacungan (Leon T. Postigo),Zamboanga del Norte,Region IX (Zamboanga Peninsula),8.055482669431356,122.94281696657754
Kalawit,Zamboanga del Norte,Region IX (Zamboanga Peninsula),7.9518581817212235,122.53783448456463
Aurora,Zamboanga del Sur,Region IX (Zamboanga Peninsula),7.9492189180602955,123.58244368249466
Bayog,Zamboanga del Sur,Region IX (Zamboanga Peninsula),7.89909173670545,123.03313763941776
Dimataling,Zamboanga del Sur,Region IX (Zamboanga Peninsula),7.529658358361859,123.31775597308057
Dinas,Zamboanga del Sur,Region IX (Zamboanga Peninsula),7.626974778242277,123.34101623895157
Dumalinao,Zamboanga del Sur,Region IX (Zamboanga Peninsula),7.773899571679273,123.3859367734177
Dumingag,Zamboanga del Sur,Region IX (Zamboanga Peninsula),8.162390367157517,123.28194186698397
Kumalarang,Zamboanga del Sur,Region IX (Zamboanga Peninsula),7.775374448891153,123.13803095585408
Labangan,Zamboanga del Sur,Region IX (Zamboanga Peninsula),7.909134025906422,123.42374009541136
Lapuyan,Zamboanga del Sur,Region IX (Zamboanga Peninsula),7.683910912918268,123.19616356362097
Mahayag,Zamboanga del Sur,Region IX (Zamboanga Peninsula),8.15393643904096,123.42779169596913
Margosatubig,Zamboanga del Sur,Region IX (Zamboanga Peninsula),7.5746324493560735,123.18484154828961
Midsalip,Zamboanga del Sur,Region IX (Zamboanga Peninsula),8.028317905623812,123.2590953972155
Molave,Zamboanga del Sur,Region IX (Zamboanga Peninsula),8.166312887199858,123.48871381180649
Pagadian City (Capital),Zamboanga del Sur,Region IX (Zamboanga Peninsula),7.884617655566057,123.34703853558882
Ramon Magsaysay (Liargo),Zamboanga del Sur,Region IX (Zamboanga Peninsula),8.01853299940011,123.45839096887383
San Miguel,Zamboanga del Sur,Region IX (Zamboanga Peninsula),7.69080102313285,123.26734633948246
San Pablo,Zamboanga del Sur,Region IX (Zamboanga Peninsula),7.678668915375809,123.42615037999201
Tabina,Zamboanga del Sur,Region IX (Zamboanga Peninsula),7.419506798864216,123.41190306359664
Tambulig,Zamboanga del Sur,Region IX (Zamboanga Peninsula),8.061817498663727,123.55362929791622
Tukuran,Zamboanga del Sur,Region IX (Zamboanga Peninsula),7.907514390469402,123.5339402385872
Zamboanga City,Zamboanga del Sur,Region IX (Zamboanga Peninsula),7.1558700944655556,122.14518282541688
Lakewood,Zamboanga del Sur,Region IX (Zamboanga Peninsula),7.891735412822447,123.1534230715351
Josefina,Zamboanga del Sur,Region IX (Zamboanga Peninsula),8.2150976418002,123.53727357036259
Pitogo,Zamboanga del Sur,Region IX (Zamboanga Peninsula),7.446718296496103,123.33945849865839
Sominot (Don Mariano Marcos),Zamboanga del Sur,Region IX (Zamboanga Peninsula),8.034682065333794,123.37577836379539
Vincenzo A. Sagun,Zamboanga del Sur,Region IX (Zamboanga Peninsula),7.519277068916833,123.17064645180464
Guipos,Zamboanga del Sur,Region IX (Zamboanga Peninsula),7.748830430811591,123.30998315611308
Tigbao,Zamboanga del Sur,Region IX (Zamboanga Peninsula),7.843114555184562,123.25300913605042
Alicia,Zamboanga Sibugay,Region IX (Zamboanga Peninsula),7.519655157035939,122.92208828053813
Buug,Zamboanga Sibugay,Region IX (Zamboanga Peninsula),7.754121160735925,123.04317806650866
Diplahan,Zamboanga Sibugay,Region IX (Zamboanga Peninsula),7.786278440155766,122.95921838590509
Imelda,Zamboanga Sibugay,Region IX (Zamboanga Peninsula),7.644930655278188,122.9379778065235
Ipil (Capital),Zamboanga Sibugay,Region IX (Zamboanga Peninsula),7.781744465391499,122.57019066070661
Kabasalan,Zamboanga Sibugay,Region IX (Zamboanga Peninsula),7.862187339709798,122.82225565274872
Mabuhay,Zamboanga Sibugay,Region IX (Zamboanga Peninsula),7.390128186824175,122.89871059213039
Malangas,Zamboanga Sibugay,Region IX (Zamboanga Peninsula),7.620247881870784,123.00751212638205
Naga,Zamboanga Sibugay,Region IX (Zamboanga Peninsula),7.841981239064966,122.70965803220072
Olutanga,Zamboanga Sibugay,Region IX (Zamboanga Peninsula),7.336522260866871,122.82449602636721
Payao,Zamboanga Sibugay,Region IX (Zamboanga Peninsula),7.587749543250438,122.84295108440506
Roseller Lim,Zamboanga Sibugay,Region IX (Zamboanga Peninsula),7.702020914248082,122.43068421565708
Siay,Zamboanga Sibugay,Region IX (Zamboanga Peninsula),7.7347135303777215,122.87684844894083
Talusan,Zamboanga Sibugay,Region IX (Zamboanga Peninsula),7.367468415217287,122.8592596259605
Titay,Zamboanga Sibugay,Region IX (Zamboanga Peninsula),7.845212577890168,122.51762957864753
Tungawan,Zamboanga Sibugay,Region IX (Zamboanga Peninsula),7.568350707549013,122.3701523204615
City of Isabela,City of Isabela (not a province),Region IX (Zamboanga Peninsula),6.6505839423306545,121.98685029926334
Baungon,Bukidnon,Region X (Northern Mindanao),8.246385379219259,124.70932306053409
Damulog,Bukidnon,Region X (Northern Mindanao),7.459330564411917,124.96217097183487
Dangcagan,Bukidnon,Region X (Northern Mindanao),7.596082979329107,125.01185978209845
Don Carlos,Bukidnon,Region X (Northern Mindanao),7.6924711161311095,124.92436346037684
Impasug-ong,Bukidnon,Region X (Northern Mindanao),8.393305216661243,125.1216112419945
Kadingilan,Bukidnon,Region X (Northern Mindanao),7.539634740108299,124.8756659219557
Kalilangan,Bukidnon,Region X (Northern Mindanao),7.779690936895115,124.73066565673967
Kibawe,Bukidnon,Region X (Northern Mindanao),7.521381100359621,125.00662390580375
Kitaotao,Bukidnon,Region X (Northern Mindanao),7.5660446364514415,125.15173058123985
Lantapan,Bukidnon,Region X (Northern Mindanao),8.062019060577013,124.98112963682414
Libona,Bukidnon,Region X (Northern Mindanao),8.333470195943688,124.75408090083013
City of Malaybalay (Capital),Bukidnon,Region X (Northern Mindanao),8.159745301183909,125.18312374021791
Malitbog,Bukidnon,Region X (Northern Mindanao),8.525784649599123,124.95268265157073
Manolo Fortich,Bukidnon,Region X (Northern Mindanao),8.374313503841234,124.8896680605656
Maramag,Bukidnon,Region X (Northern Mindanao),7.8120167015750415,124.96333217498973
Pangantucan,Bukidnon,Region X (Northern Mindanao),7.804626535666776,124.80786310481568
Quezon,Bukidnon,Region X (Northern Mindanao),7.71287475957569,125.16691078255268
San Fernando,Bukidnon,Region X (Northern Mindanao),7.81299648939802,125.35167659906304
Sumilao,Bukidnon,Region X (Northern Mindanao),8.285759043752487,124.93474382707491
Talakag,Bukidnon,Region X (Northern Mindanao),8.055640365878162,124.69308142247277
City of Valencia,Bukidnon,Region X (Northern Mindanao),7.912201546058973,125.08051103172055
Cabanglasan,Bukidnon,Region X (Northern Mindanao),8.073325384886958,125.32585710093801
Catarman,Camiguin,Region X (Northern Mindanao),9.168529059954631,124.67572576578291
Guinsiliban,Camiguin,Region X (Northern Mindanao),9.11950016584288,124.77260287878427
Mahinog,Camiguin,Region X (Northern Mindanao),9.16760861907143,124.7683471605729
Mambajao (Capital),Camiguin,Region X (Northern Mindanao),9.220329473786075,124.70985125427465
Sagay,Camiguin,Region X (Northern Mindanao),9.128170284148283,124.73122995154276
Bacolod,Lanao del Norte,Region X (Northern Mindanao),8.150688021117016,124.02759579401011
Baloi,Lanao del Norte,Region X (Northern Mindanao),8.117287037253371,124.22144902153796
Baroy,Lanao del Norte,Region X (Northern Mindanao),7.978644535421945,123.81987585744548
Iligan City,Lanao del Norte,Region X (Northern Mindanao),8.231115994002273,124.37279745359912
Kapatagan,Lanao del Norte,Region X (Northern Mindanao),7.892838184129913,123.73196850596456
Sultan Naga Dimaporo (Karomatan),Lanao del Norte,Region X (Northern Mindanao),7.793545116087559,123.74485793243582
Kauswagan,Lanao del Norte,Region X (Northern Mindanao),8.147368899387567,124.08705271533944
Kolambugan,Lanao del Norte,Region X (Northern Mindanao),8.089408920364004,123.89351802483515
Lala,Lanao del Norte,Region X (Northern Mindanao),7.953523300348367,123.76253334387033
Linamon,Lanao del Norte,Region X (Northern Mindanao),8.167890919186439,124.15454602654371
Magsaysay,Lanao del Norte,Region X (Northern Mindanao),8.012858124564628,123.92670944301909
Maigo,Lanao del Norte,Region X (Northern Mindanao),8.114744262675629,123.97385346601934
Matungao,Lanao del Norte,Region X (Northern Mindanao),8.12171294230333,124.16874568206676
Munai,Lanao del Norte,Region X (Northern Mindanao),8.021336555922261,124.05764405428738
Nunungan,Lanao del Norte,Region X (Northern Mindanao),7.790858202819353,123.93269695909247
Pantao Ragat,Lanao del Norte,Region X (Northern Mindanao),8.050406609410269,124.1662096185752
Poona Piagapo,Lanao del Norte,Region X (Northern Mindanao),8.096207219528571,124.12047003961925
Salvador,Lanao del Norte,Region X (Northern Mindanao),7.9038321110872936,123.89037544415287
Sapad,Lanao del Norte,Region X (Northern Mindanao),7.8350505895869365,123.84366493996015
Tagoloan,Lanao del Norte,Region X (Northern Mindanao),8.159386299251212,124.31581682906537
Tangcal,Lanao del Norte,Region X (Northern Mindanao),8.028523774462467,123.98086053396064
Tubod (Capital),Lanao del Norte,Region X (Northern Mindanao),7.980689768343893,123.89361344544999
Pantar,Lanao del Norte,Region X (Northern Mindanao),8.087948967084094,124.28919330259961
Aloran,Misamis Occidental,Region X (Northern Mindanao),8.393786340150584,123.75999085462975
Baliangao,Misamis Occidental,Region X (Northern Mindanao),8.615505354602904,123.61834410628333
Bonifacio,Misamis Occidental,Region X (Northern Mindanao),8.081369243360957,123.59909847355316
Calamba,Misamis Occidental,Region X (Northern Mindanao),8.52107549661913,123.64012569762382
Clarin,Misamis Occidental,Region X (Northern Mindanao),8.210197770692135,123.77048043211019
Concepcion,Misamis Occidental,Region X (Northern Mindanao),8.41005395654381,123.59602634083578
Jimenez,Misamis Occidental,Region X (Northern Mindanao),8.33119685442725,123.76516996418432
Lopez Jaena,Misamis Occidental,Region X (Northern Mindanao),8.498108157267364,123.70040316414902
Oroquieta City (Capital),Misamis Occidental,Region X (Northern Mindanao),8.45107966671569,123.73315256150839
City of Ozamiz,Misamis Occidental,Region X (Northern Mindanao),8.155978836908094,123.77657144978811
Panaon,Misamis Occidental,Region X (Northern Mindanao),8.362329169902786,123.79226464828105
Plaridel,Misamis Occidental,Region X (Northern Mindanao),8.587760442586056,123.69163244140589
Sapang Dalaga,Misamis Occidental,Region X (Northern Mindanao),8.513477788612258,123.58828200309343
Sinacaban,Misamis Occidental,Region X (Northern Mindanao),8.294932927226869,123.75611922611581
Tangub City,Misamis Occidental,Region X (Northern Mindanao),8.104605611479345,123.68745586483368
Tudela,Misamis Occidental,Region X (Northern Mindanao),8.249827160880224,123.7516793431031
Don Victoriano Chiongbian  (Don Mariano Marcos),Misamis Occidental,Region X (Northern Mindanao),8.266261967380615,123.61009766559442
Alubijid,Misamis Oriental,Region X (Northern Mindanao),8.487606488484937,124.43586904136077
Balingasag,Misamis Oriental,Region X (Northern Mindanao),8.746070464175524,124.84451847089504
Balingoan,Misamis Oriental,Region X (Northern Mindanao),8.936454413234905,124.87833877692802
Binuangan,Misamis Oriental,Region X (Northern Mindanao),8.919354163359568,124.79776355321793
Cagayan de Oro City (Capital),Misamis Oriental,Region X (Northern Mindanao),8.37277323956832,124.60198141717522
Claveria,Misamis Oriental,Region X (Northern Mindanao),8.66855342188871,124.99131713484405
City of El Salvador,Misamis Oriental,Region X (Northern Mindanao),8.513623556354508,124.49915046510289
Gingoog City,Misamis Oriental,Region X (Northern Mindanao),8.775927358902639,125.10345924496285
Gitagum,Misamis Oriental,Region X (Northern Mindanao),8.560305068598316,124.3996676533553
Initao,Misamis Oriental,Region X (Northern Mindanao),8.482605009559393,124.34344169208823
Jasaan,Misamis Oriental,Region X (Northern Mindanao),8.654855709313063,124.77526362339022
Kinoguitan,Misamis Oriental,Region X (Northern Mindanao),8.954327191497695,124.82671071073985
Lagonglong,Misamis Oriental,Region X (Northern Mindanao),8.807671638747014,124.82832269187072
Laguindingan,Misamis Oriental,Region X (Northern Mindanao),8.591835319191546,124.44249602662332
Libertad,Misamis Oriental,Region X (Northern Mindanao),8.530443157834865,124.37073258345488
Lugait,Misamis Oriental,Region X (Northern Mindanao),8.340549414185771,124.29914953363463
Magsaysay (Linugos),Misamis Oriental,Region X (Northern Mindanao),8.971064621350054,125.20559810755906
Manticao,Misamis Oriental,Region X (Northern Mindanao),8.36515468321837,124.3579548763603
Medina,Misamis Oriental,Region X (Northern Mindanao),8.887317591107044,124.9725012542144
Naawan,Misamis Oriental,Region X (Northern Mindanao),8.419080205051262,124.34173343024241
Opol,Misamis Oriental,Region X (Northern Mindanao),8.426736874949267,124.49987327361055
Salay,Misamis Oriental,Region X (Northern Mindanao),8.860558549805898,124.83292816452301
Sugbongcogon,Misamis Oriental,Region X (Northern Mindanao),8.926601681260845,124.81591738591455
Tagoloan,Misamis Oriental,Region X (Northern Mindanao),8.535345000163206,124.78974761086263
Talisayan,Misamis Oriental,Region X (Northern Mindanao),8.959872499765767,124.90866303450468
Villanueva,Misamis Oriental,Region X (Northern Mindanao),8.576291459071072,124.79382578289751
Asuncion (Saug),Davao del Norte,Region XI (Davao Region),7.632608072047292,125.79110720918706
Carmen,Davao del Norte,Region XI (Davao Region),7.37202755575368,125.6778531109333
Kapalong,Davao del Norte,Region XI (Davao Region),7.8366557453796455,125.57401020105581
New Corella,Davao del Norte,Region XI (Davao Region),7.602465911135535,125.85264642718309
City of Panabo,Davao del Norte,Region XI (Davao Region),7.330368268963655,125.60607744680168
Island Garden City of Samal,Davao del Norte,Region XI (Davao Region),7.05049155391383,125.73605268458229
Santo Tomas,Davao del Norte,Region XI (Davao Region),7.511311495532415,125.63218790993756
City of Tagum (Capital),Davao del Norte,Region XI (Davao Region),7.431251005404561,125.79579126467608
Talaingod,Davao del Norte,Region XI (Davao Region),7.686526883056531,125.49926581258163
Braulio E. Dujali,Davao del Norte,Region XI (Davao Region),7.439691462164923,125.68121635271063
San Isidro,Davao del Norte,Region XI (Davao Region),7.748864753441831,125.70635149707547
Bansalan,Davao del Sur,Region XI (Davao Region),6.856280296219078,125.22205348230531
Davao City,Davao del Sur,Region XI (Davao Region),7.264388415976673,125.41892031679548
City of Digos (Capital),Davao del Sur,Region XI (Davao Region),6.8394397155397915,125.31665056107008
Hagonoy,Davao del Sur,Region XI (Davao Region),6.6928868617165955,125.30494285000452
Kiblawan,Davao del Sur,Region XI (Davao Region),6.5310604833413235,125.20062786010877
Magsaysay,Davao del Sur,Region XI (Davao Region),6.756466749451178,125.11899509464872
Malalag,Davao del Sur,Region XI (Davao Region),6.537468415375065,125.37091871629718
Matanao,Davao del Sur,Region XI (Davao Region),6.660647826850934,125.16769072476463
Padada,Davao del Sur,Region XI (Davao Region),6.643863262255393,125.34213363985066
Santa Cruz,Davao del Sur,Region XI (Davao Region),6.904719035239911,125.39855586544854
Sulop,Davao del Sur,Region XI (Davao Region),6.578945242555766,125.30487063389992
Baganga,Davao Oriental,Region XI (Davao Region),7.568403832199057,126.434543614773
Banaybanay,Davao Oriental,Region XI (Davao Region),7.0501947012647745,126.02187834538177
Boston,Davao Oriental,Region XI (Davao Region),7.916578715819125,126.26996540742816
Caraga,Davao Oriental,Region XI (Davao Region),7.359718039122433,126.43021021095723
Cateel,Davao Oriental,Region XI (Davao Region),7.757574628643551,126.3445888253858
Governor Generoso,Davao Oriental,Region XI (Davao Region),6.5391659889991045,126.1369976189724
Lupon,Davao Oriental,Region XI (Davao Region),7.074196120171796,126.14986393205513
Manay,Davao Oriental,Region XI (Davao Region),7.209319437094943,126.4322072896371
City of Mati (Capital),Davao Oriental,Region XI (Davao Region),6.8312565386215995,126.2226722899194
San Isidro,Davao Oriental,Region XI (Davao Region),6.792023474249313,126.12617364032357
Tarragona,Davao Oriental,Region XI (Davao Region),7.080890343278328,126.3777672737162
Compostela,Davao de Oro (Compostela Valley),Region XI (Davao Region),7.688718783455225,126.15468893150577
Laak (San Vicente),Davao de Oro (Compostela Valley),Region XI (Davao Region),7.862988060420304,125.79967717856205
Mabini (Doña Alicia),Davao de Oro (Compostela Valley),Region XI (Davao Region),7.30011318543526,125.93944969311407
Maco,Davao de Oro (Compostela Valley),Region XI (Davao Region),7.403859776613788,125.942782045685
Maragusan (San Mariano),Davao de Oro (Compostela Valley),Region XI (Davao Region),7.33819445703454,126.1646544379422
Mawab,Davao de Oro (Compostela Valley),Region XI (Davao Region),7.504975198753248,125.9360142105858
Monkayo,Davao de Oro (Compostela Valley),Region XI (Davao Region),7.865326145254908,126.07067707535839
Montevista,Davao de Oro (Compostela Valley),Region XI (Davao Region),7.742259374291963,125.9693230597901
Nabunturan (Capital),Davao de Oro (Compostela Valley),Region XI (Davao Region),7.549393177462767,126.00227770025813
New Bataan,Davao de Oro (Compostela Valley),Region XI (Davao Region),7.52288056113785,126.1803510085633
Pantukan,Davao de Oro (Compostela Valley),Region XI (Davao Region),7.202303971024578,126.04013628039455
Don Marcelino,Davao Occidental,Region XI (Davao Region),6.141838521899829,125.63700384594307
Jose Abad Santos (Trinidad),Davao Occidental,Region XI (Davao Region),5.845850382569094,125.52543387735075
Malita,Davao Occidental,Region XI (Davao Region),6.3192875603126675,125.54345996243387
Santa Maria,Davao Occidental,Region XI (Davao Region),6.493289907436909,125.46513561490585
Sarangani,Davao Occidental,Region XI (Davao Region),5.4176489746994285,125.42317197759921
Alamada,Cotabato (North Cotabato),Region XII (Soccsksargen),7.4745735561903555,124.58072685413404
Carmen,Cotabato (North Cotabato),Region XII (Soccsksargen),7.329400037793646,124.7671432075168
Kabacan,Cotabato (North Cotabato),Region XII (Soccsksargen),7.1311439244758335,124.84764422555196
City of Kidapawan (Capital),Cotabato (North Cotabato),Region XII (Soccsksargen),7.037491104624674,125.0657007982161
Libungan,Cotabato (North Cotabato),Region XII (Soccsksargen),7.288265778351812,124.54406887779336
Magpet,Cotabato (North Cotabato),Region XII (Soccsksargen),7.132206290750058,125.1774090962694
Makilala,Cotabato (North Cotabato),Region XII (Soccsksargen),6.932084334721021,125.11246258529104
Matalam,Cotabato (North Cotabato),Region XII (Soccsksargen),7.200475573492168,124.94977104536369
Midsayap,Cotabato (North Cotabato),Region XII (Soccsksargen),7.177039066110423,124.54066845690679
M'lang,Cotabato (North Cotabato),Region XII (Soccsksargen),6.940698241569423,124.90238727530425
Pigkawayan,Cotabato (North Cotabato),Region XII (Soccsksargen),7.319884613704851,124.4403539102955
Pikit,Cotabato (North Cotabato),Region XII (Soccsksargen),7.068166087234672,124.6414432540108
President Roxas,Cotabato (North Cotabato),Region XII (Soccsksargen),7.302847934031091,125.00093721438043
Tulunan,Cotabato (North Cotabato),Region XII (Soccsksargen),6.817127292119472,124.95724892151043
Antipas,Cotabato (North Cotabato),Region XII (Soccsksargen),7.264058300212788,125.06792841787261
Banisilan,Cotabato (North Cotabato),Region XII (Soccsksargen),7.482674322574216,124.7168470433274
Aleosan,Cotabato (North Cotabato),Region XII (Soccsksargen),7.175641600869171,124.62423148763824
Arakan,Cotabato (North Cotabato),Region XII (Soccsksargen),7.353264887184012,125.17662099687445
Banga,South Cotabato,Region XII (Soccsksargen),6.407109780163082,124.79261389234044
General Santos City (Dadiangas),South Cotabato,Region XII (Soccsksargen),6.1312917719067626,125.13059861451408
City of Koronadal (Capital),South Cotabato,Region XII (Soccsksargen),6.478882260206744,124.88451502148071
Norala,South Cotabato,Region XII (Soccsksargen),6.531241479372807,124.67891160530597
Polomolok,South Cotabato,Region XII (Soccsksargen),6.260499219325169,125.08167868510358
Surallah,South Cotabato,Region XII (Soccsksargen),6.337402496416203,124.71916012961019
Tampakan,South Cotabato,Region XII (Soccsksargen),6.469680066738433,125.01935739388499
Tantangan,South Cotabato,Region XII (Soccsksargen),6.571509849409464,124.76239476869925
T'Boli,South Cotabato,Region XII (Soccsksargen),6.137718183236797,124.8721603110136
Tupi,South Cotabato,Region XII (Soccsksargen),6.350214994775366,124.98246865834854
Santo Niño,South Cotabato,Region XII (Soccsksargen),6.45732737241667,124.6681957338782
Lake Sebu,South Cotabato,Region XII (Soccsksargen),6.2444225395797375,124.58995884297634
Bagumbayan,Sultan Kudarat,Region XII (Soccsksargen),6.46884022815017,124.51929852075129
Columbio,Sultan Kudarat,Region XII (Soccsksargen),6.636761063688245,125.01420189281237
Esperanza,Sultan Kudarat,Region XII (Soccsksargen),6.710158991401212,124.46714320786418
Isulan (Capital),Sultan Kudarat,Region XII (Soccsksargen),6.611920303369969,124.44556830747734
Kalamansig,Sultan Kudarat,Region XII (Soccsksargen),6.509877860787465,124.16067071783047
Lebak,Sultan Kudarat,Region XII (Soccsksargen),6.669727934151267,124.15987201195571
Lutayan,Sultan Kudarat,Region XII (Soccsksargen),6.602743440472076,124.87818790278047
Lambayong (Mariano Marcos),Sultan Kudarat,Region XII (Soccsksargen),6.790942501190787,124.631283511884
Palimbang,Sultan Kudarat,Region XII (Soccsksargen),6.292686842827678,124.2523248217311
President Quirino,Sultan Kudarat,Region XII (Soccsksargen),6.717990586956523,124.73311696966881
City of Tacurong,Sultan Kudarat,Region XII (Soccsksargen),6.655898516963911,124.67292491105863
Sen. Ninoy Aquino,Sultan Kudarat,Region XII (Soccsksargen),6.430213480456664,124.34433088752213
Alabel (Capital),Sarangani,Region XII (Soccsksargen),6.167753970166239,125.35922997294426
Glan,Sarangani,Region XII (Soccsksargen),5.785204471455848,125.3423888136557
Kiamba,Sarangani,Region XII (Soccsksargen),6.0093782187208715,124.7042859832863
Maasim,Sarangani,Region XII (Soccsksargen),5.938654044065388,124.9678880447483
Maitum,Sarangani,Region XII (Soccsksargen),6.118245636538781,124.47915864535821
Malapatan,Sarangani,Region XII (Soccsksargen),6.000372484595567,125.39531834543935
Malungon,Sarangani,Region XII (Soccsksargen),6.363003744630795,125.30103172034899
City of Manila,Metropolitan Manila First District,National Capital Region (NCR),14.600621583204854,120.98546127159507
City of Mandaluyong,Metropolitan Manila Second District,National Capital Region (NCR),14.58308720939669,121.04139489878291
City of Marikina,Metropolitan Manila Second District,National Capital Region (NCR),14.647310905227153,121.10496951209163
City of Pasig,Metropolitan Manila Second District,National Capital Region (NCR),14.578865146888148,121.08547876033539
Quezon City,Metropolitan Manila Second District,National Capital Region (NCR),14.680492077566084,121.06046663829467
City of San Juan,Metropolitan Manila Second District,National Capital Region (NCR),14.60247280102079,121.03669973725907
Caloocan City,Metropolitan Manila Third District,National Capital Region (NCR),14.7300829004056,121.02953256755264
City of Malabon,Metropolitan Manila Third District,National Capital Region (NCR),14.674119596304125,120.95855695770723
City of Navotas,Metropolitan Manila Third District,National Capital Region (NCR),14.675137481469452,120.93585044462785
City of Valenzuela,Metropolitan Manila Third District,National Capital Region (NCR),14.709992511974988,120.97916435552753
City of Las Piñas,Metropolitan Manila Fourth District,National Capital Region (NCR),14.441389831356869,120.99521260858106
City of Makati,Metropolitan Manila Fourth District,National Capital Region (NCR),14.553438521952144,121.03225749482151
City of Muntinlupa,Metropolitan Manila Fourth District,National Capital Region (NCR),14.402297990367547,121.03359988303099
City of Parañaque,Metropolitan Manila Fourth District,National Capital Region (NCR),14.483525030747609,121.015010097763
Pasay City,Metropolitan Manila Fourth District,National Capital Region (NCR),14.531408431060386,121.00400120644726
Pateros,Metropolitan Manila Fourth District,National Capital Region (NCR),14.545097389079208,121.06947859526878
Taguig City,Metropolitan Manila Fourth District,National Capital Region (NCR),14.516634661385822,121.06234486522602
Bangued (Capital),Abra,Cordillera Administrative Region (CAR),17.611191104618428,120.60092915185105
Boliney,Abra,Cordillera Administrative Region (CAR),17.378706014551778,120.86473383858332
Bucay,Abra,Cordillera Administrative Region (CAR),17.523530790915814,120.71984033174017
Bucloc,Abra,Cordillera Administrative Region (CAR),17.436990451819646,120.84806128930262
Daguioman,Abra,Cordillera Administrative Region (CAR),17.449829049549084,120.95227551793108
Danglas,Abra,Cordillera Administrative Region (CAR),17.74500493849221,120.62070757305811
Dolores,Abra,Cordillera Administrative Region (CAR),17.646746717284984,120.72220988933755
La Paz,Abra,Cordillera Administrative Region (CAR),17.66474989822737,120.652123489541
Lacub,Abra,Cordillera Administrative Region (CAR),17.697006010419756,120.97153397843458
Lagangilang,Abra,Cordillera Administrative Region (CAR),17.63570090434868,120.78090882214387
Lagayan,Abra,Cordillera Administrative Region (CAR),17.78010212905891,120.71915352039032
Langiden,Abra,Cordillera Administrative Region (CAR),17.610664692769763,120.53451879364081
Licuan-Baay (Licuan),Abra,Cordillera Administrative Region (CAR),17.573379780040856,120.8738924957783
Luba,Abra,Cordillera Administrative Region (CAR),17.326916793486085,120.68809851841009
Malibcong,Abra,Cordillera Administrative Region (CAR),17.585755458749542,121.0224198067502
Manabo,Abra,Cordillera Administrative Region (CAR),17.4137031390697,120.71537190234923
Peñarrubia,Abra,Cordillera Administrative Region (CAR),17.53745646757481,120.6648265656844
Pidigan,Abra,Cordillera Administrative Region (CAR),17.53928356555522,120.57503905430258
Pilar,Abra,Cordillera Administrative Region (CAR),17.375772576901664,120.58322071940952
Sallapadan,Abra,Cordillera Administrative Region (CAR),17.482894159811234,120.79793323464884
San Isidro,Abra,Cordillera Administrative Region (CAR),17.475466644242573,120.61846900059413
San Juan,Abra,Cordillera Administrative Region (CAR),17.705968078495594,120.75368723514843
San Quintin,Abra,Cordillera Administrative Region (CAR),17.521962609792414,120.51023437200224
Tayum,Abra,Cordillera Administrative Region (CAR),17.607257687651817,120.67747816346008
Tineg,Abra,Cordillera Administrative Region (CAR),17.831880800116494,120.90495637090358
Tubo,Abra,Cordillera Administrative Region (CAR),17.255229475539007,120.8067978631798
Villaviciosa,Abra,Cordillera Administrative Region (CAR),17.39390188989974,120.63528526740889
Atok,Benguet,Cordillera Administrative Region (CAR),16.592593254219203,120.71083544097077
Baguio City,Benguet,Cordillera Administrative Region (CAR),16.39994705619146,120.59616669566589
Bakun,Benguet,Cordillera Administrative Region (CAR),16.81046156775591,120.68642616931969
Bokod,Benguet,Cordillera Administrative Region (CAR),16.46065070167285,120.80440225342198
Buguias,Benguet,Cordillera Administrative Region (CAR),16.744637791658544,120.84010381444631
Itogon,Benguet,Cordillera Administrative Region (CAR),16.31698357800404,120.70755806528588
Kabayan,Benguet,Cordillera Administrative Region (CAR),16.618861381625752,120.8432973682703
Kapangan,Benguet,Cordillera Administrative Region (CAR),16.60724152682084,120.59012914321593
Kibungan,Benguet,Cordillera Administrative Region (CAR),16.701807842626756,120.6736233667939
La Trinidad (Capital),Benguet,Cordillera Administrative Region (CAR),16.463179181997063,120.59500472643141
Mankayan,Benguet,Cordillera Administrative Region (CAR),16.856333386504783,120.79139938623977
Sablan,Benguet,Cordillera Administrative Region (CAR),16.49913663055394,120.518528611666
Tuba,Benguet,Cordillera Administrative Region (CAR),16.320696884439307,120.5565846686224
Tublay,Benguet,Cordillera Administrative Region (CAR),16.506422713325072,120.63277737339655
Banaue,Ifugao,Cordillera Administrative Region (CAR),16.92800663836481,121.10519293722325
Hungduan,Ifugao,Cordillera Administrative Region (CAR),16.871583484833273,120.98414937323614
Kiangan,Ifugao,Cordillera Administrative Region (CAR),16.775385786122033,121.08852080691234
Lagawe (Capital),Ifugao,Cordillera Administrative Region (CAR),16.785160470600292,121.21601194064863
Lamut,Ifugao,Cordillera Administrative Region (CAR),16.69249970609805,121.19915177384439
Mayoyao,Ifugao,Cordillera Administrative Region (CAR),16.901246900745033,121.24182372134031
Alfonso Lista (Potia),Ifugao,Cordillera Administrative Region (CAR),16.95930681338903,121.4967650795895
Aguinaldo,Ifugao,Cordillera Administrative Region (CAR),16.939155729874354,121.36213529889288
Hingyon,Ifugao,Cordillera Administrative Region (CAR),16.86128304588775,121.10497993229207
Tinoc,Ifugao,Cordillera Administrative Region (CAR),16.696882763171825,120.95034676073148
Asipulo,Ifugao,Cordillera Administrative Region (CAR),16.676091917017146,121.05313081389258
Balbalan,Kalinga,Cordillera Administrative Region (CAR),17.536961841544226,121.16193697323301
Lubuagan,Kalinga,Cordillera Administrative Region (CAR),17.353586913659743,121.17766746860576
Pasil,Kalinga,Cordillera Administrative Region (CAR),17.352984090002792,121.05718427704656
Pinukpuk,Kalinga,Cordillera Administrative Region (CAR),17.574694493595345,121.3772890346069
Rizal (Liwan),Kalinga,Cordillera Administrative Region (CAR),17.50456648509084,121.5761875561344
City of Tabuk (Capital),Kalinga,Cordillera Administrative Region (CAR),17.410089662469623,121.4297720688577
Tanudan,Kalinga,Cordillera Administrative Region (CAR),17.27924333889852,121.27139788981563
Tinglayan,Kalinga,Cordillera Administrative Region (CAR),17.260657856358065,121.11089264896425
Barlig,Mountain Province,Cordillera Administrative Region (CAR),17.073535527749623,121.13729972044001
Bauko,Mountain Province,Cordillera Administrative Region (CAR),16.92885731686856,120.87668465320968
Besao,Mountain Province,Cordillera Administrative Region (CAR),17.119924885834013,120.8347150364082
Bontoc (Capital),Mountain Province,Cordillera Administrative Region (CAR),17.092889187265964,120.98149085712019
Natonin,Mountain Province,Cordillera Administrative Region (CAR),17.12309527365931,121.28161569228568
Paracelis,Mountain Province,Cordillera Administrative Region (CAR),17.181145053107613,121.45715992718972
Sabangan,Mountain Province,Cordillera Administrative Region (CAR),16.962432510862634,120.92855347055453
Sadanga,Mountain Province,Cordillera Administrative Region (CAR),17.186876406525634,121.0214180854735
Sagada,Mountain Province,Cordillera Administrative Region (CAR),17.09384186450414,120.90169949834477
Tadian,Mountain Province,Cordillera Administrative Region (CAR),16.98911759178758,120.81548533144667
Calanasan (Bayag),Apayao,Cordillera Administrative Region (CAR),18.297055730535728,121.06935625044694
Conner,Apayao,Cordillera Administrative Region (CAR),17.758174896958696,121.25466108008266
Flora,Apayao,Cordillera Administrative Region (CAR),18.133516766307473,121.41519221176983
Kabugao (Capital),Apayao,Cordillera Administrative Region (CAR),17.994396425525583,121.1546553430643
Luna,Apayao,Cordillera Administrative Region (CAR),18.30527140155568,121.30202536130605
Pudtol,Apayao,Cordillera Administrative Region (CAR),18.144750297000165,121.31088315514707
Santa Marcela,Apayao,Cordillera Administrative Region (CAR),18.26899040412851,121.44901062481152
Buenavista,Agusan del Norte,Region XIII (Caraga),8.84488958895803,125.37904538277482
Butuan City (Capital),Agusan del Norte,Region XIII (Caraga),8.903153748280092,125.57702795944445
City of Cabadbaran,Agusan del Norte,Region XIII (Caraga),9.143954462571044,125.65366695953061
Carmen,Agusan del Norte,Region XIII (Caraga),8.953243558419457,125.25926222181502
Jabonga,Agusan del Norte,Region XIII (Caraga),9.34609154820164,125.60694030917396
Kitcharao,Agusan del Norte,Region XIII (Caraga),9.411519278552674,125.63175543513226
Las Nieves,Agusan del Norte,Region XIII (Caraga),8.734817790040701,125.5010778566743
Magallanes,Agusan del Norte,Region XIII (Caraga),9.027772627936914,125.54439585044027
Nasipit,Agusan del Norte,Region XIII (Caraga),8.927935825073554,125.33406192386093
Santiago,Agusan del Norte,Region XIII (Caraga),9.25860113785435,125.64497749701819
Tubay,Agusan del Norte,Region XIII (Caraga),9.214004146725374,125.54991152916774
Remedios T. Romualdez,Agusan del Norte,Region XIII (Caraga),9.064649055905072,125.65427929303961
City of Bayugan,Agusan del Sur,Region XIII (Caraga),8.758958419838391,125.79741190839039
Bunawan,Agusan del Sur,Region XIII (Caraga),8.193615561044982,126.03187912239662
Esperanza,Agusan del Sur,Region XIII (Caraga),8.611381498003038,125.46214278996753
La Paz,Agusan del Sur,Region XIII (Caraga),8.257262205468919,125.6019705213841
Loreto,Agusan del Sur,Region XIII (Caraga),8.097917084031858,125.66733395552387
Prosperidad (Capital),Agusan del Sur,Region XIII (Caraga),8.646514035106524,125.90797836392782
Rosario,Agusan del Sur,Region XIII (Caraga),8.33288068956357,126.03386453644247
San Francisco,Agusan del Sur,Region XIII (Caraga),8.47122809390004,125.94769130265722
San Luis,Agusan del Sur,Region XIII (Caraga),8.432489205887721,125.52174855898126
Santa Josefa,Agusan del Sur,Region XIII (Caraga),8.00463868394907,126.01944714562218
Talacogon,Agusan del Sur,Region XIII (Caraga),8.403095791734753,125.78991420720455
Trento,Agusan del Sur,Region XIII (Caraga),8.067988558201026,126.14481740070339
Veruela,Agusan del Sur,Region XIII (Caraga),8.037238032522271,125.9047390609271
Sibagat,Agusan del Sur,Region XIII (Caraga),8.968505370536551,125.77499805178628
Alegria,Surigao del Norte,Region XIII (Caraga),9.485406090094504,125.60782401552945
Bacuag,Surigao del Norte,Region XIII (Caraga),9.572626082209771,125.6292892811243
Burgos,Surigao del Norte,Region XIII (Caraga),9.99950276462336,126.073630834778
Claver,Surigao del Norte,Region XIII (Caraga),9.475181769215599,125.78563046755542
Dapa,Surigao del Norte,Region XIII (Caraga),9.750094334788445,126.04598663390053
Del Carmen,Surigao del Norte,Region XIII (Caraga),9.858373759075889,125.99544422270188
General Luna,Surigao del Norte,Region XIII (Caraga),9.788444460773782,126.13213252660833
Gigaquit,Surigao del Norte,Region XIII (Caraga),9.506834671495255,125.68676747323364
Mainit,Surigao del Norte,Region XIII (Caraga),9.562123461008602,125.50314497937697
Malimono,Surigao del Norte,Region XIII (Caraga),9.565672785904738,125.4367196650469
Pilar,Surigao del Norte,Region XIII (Caraga),9.855112092017412,126.08339694695643
Placer,Surigao del Norte,Region XIII (Caraga),9.63917947214576,125.58713228682629
San Benito,Surigao del Norte,Region XIII (Caraga),9.938586193971737,126.00363816095523
San Francisco (Anao-Aon),Surigao del Norte,Region XIII (Caraga),9.713973107717313,125.41597227038835
San Isidro,Surigao del Norte,Region XIII (Caraga),9.934006481770712,126.07040006441775
Santa Monica (Sapao),Surigao del Norte,Region XIII (Caraga),10.013631147350562,126.04970894586123
Sison,Surigao del Norte,Region XIII (Caraga),9.647120453060138,125.49509554526219
Socorro,Surigao del Norte,Region XIII (Caraga),9.656003675541896,125.94285338002227
Surigao City (Capital),Surigao del Norte,Region XIII (Caraga),9.776346333387698,125.54178850567045
Tagana-an,Surigao del Norte,Region XIII (Caraga),9.706757425250355,125.59058621695897
Tubod,Surigao del Norte,Region XIII (Caraga),9.573612654573509,125.56733287742942
Barobo,Surigao del Sur,Region XIII (Caraga),8.523680804202945,126.12561819432624
Bayabas,Surigao del Sur,Region XIII (Caraga),8.951508300595014,126.25486271858368
City of Bislig,Surigao del Sur,Region XIII (Caraga),8.182794099300244,126.28534590912642
Cagwait,Surigao del Sur,Region XIII (Caraga),8.89523665860184,126.27610512442277
Cantilan,Surigao del Sur,Region XIII (Caraga),9.300467101548225,125.87162750441048
Carmen,Surigao del Sur,Region XIII (Caraga),9.183086094511797,125.89448792877114
Carrascal,Surigao del Sur,Region XIII (Caraga),9.386677931882708,125.8730991782056
Cortes,Surigao del Sur,Region XIII (Caraga),9.21001749183668,126.14850637171419
Hinatuan,Surigao del Sur,Region XIII (Caraga),8.39215462743437,126.30089895764493
Lanuza,Surigao del Sur,Region XIII (Caraga),9.160569857191298,126.01080627176367
Lianga,Surigao del Sur,Region XIII (Caraga),8.69439285226755,126.07879229566505
Lingig,Surigao del Sur,Region XIII (Caraga),8.063571920969467,126.36961452283548
Madrid,Surigao del Sur,Region XIII (Caraga),9.240815522666281,125.88861181953447
Marihatag,Surigao del Sur,Region XIII (Caraga),8.824851231976368,126.2091095042185
San Agustin,Surigao del Sur,Region XIII (Caraga),8.753779929703342,126.19558948209517
San Miguel,Surigao del Sur,Region XIII (Caraga),8.92800238872395,125.987023589219
Tagbina,Surigao del Sur,Region XIII (Caraga),8.415462507575509,126.18035315173921
Tago,Surigao del Sur,Region XIII (Caraga),8.949483095111997,126.14626222140502
City of Tandag (Capital),Surigao del Sur,Region XIII (Caraga),9.074339935218278,126.12836359820578
Basilisa (Rizal),Dinagat Islands,Region XIII (Caraga),10.089834553674695,125.55630972135503
Cagdianao,Dinagat Islands,Region XIII (Caraga),10.02739020142325,125.65594930571757
Dinagat,Dinagat Islands,Region XIII (Caraga),9.974079427631704,125.60803015043102
Libjo (Albor),Dinagat Islands,Region XIII (Caraga),10.189936119589127,125.56446733005357
Loreto,Dinagat Islands,Region XIII (Caraga),10.366616314245505,125.61789839797255
San Jose (Capital),Dinagat Islands,Region XIII (Caraga),10.018305973282928,125.60574420270392
Tubajon,Dinagat Islands,Region XIII (Caraga),10.28176657306172,125.58132287287452
Boac (Capital),Marinduque,Mimaropa Region,13.395228805243212,121.9155414939859
Buenavista,Marinduque,Mimaropa Region,13.255194373408196,121.97257647116926
Gasan,Marinduque,Mimaropa Region,13.323855651240999,121.88406876856736
Mogpog,Marinduque,Mimaropa Region,13.495499346059953,121.8967245799516
Santa Cruz,Marinduque,Mimaropa Region,13.461690276928174,122.03352909834614
Torrijos,Marinduque,Mimaropa Region,13.326819435868895,122.0538722239508
Abra de Ilog,Occidental Mindoro,Mimaropa Region,13.397442645788036,120.72367136588089
Calintaan,Occidental Mindoro,Mimaropa Region,12.627157448521507,120.9975507714611
Looc,Occidental Mindoro,Mimaropa Region,13.744986875568134,120.27436422305864
Lubang,Occidental Mindoro,Mimaropa Region,13.811409907726343,120.13845519603957
Magsaysay,Occidental Mindoro,Mimaropa Region,12.336758746578141,121.18815766978985
Mamburao (Capital),Occidental Mindoro,Mimaropa Region,13.241140453103986,120.68110964717151
Paluan,Occidental Mindoro,Mimaropa Region,13.41533843853068,120.47488673350455
Rizal,Occidental Mindoro,Mimaropa Region,12.556768615988961,121.06450421678734
Sablayan,Occidental Mindoro,Mimaropa Region,12.889185976686822,121.03245120318887
San Jose,Occidental Mindoro,Mimaropa Region,12.454785520959941,121.13347914041773
Santa Cruz,Occidental Mindoro,Mimaropa Region,13.115817757001567,120.84219427957818
Baco,Oriental Mindoro,Mimaropa Region,13.30462288083303,120.98175244493613
Bansud,Oriental Mindoro,Mimaropa Region,12.828826509112355,121.3582870792036
Bongabong,Oriental Mindoro,Mimaropa Region,12.702117209374121,121.40060754386563
Bulalacao (San Pedro),Oriental Mindoro,Mimaropa Region,12.372626429223688,121.31466926927591
City of Calapan (Capital),Oriental Mindoro,Mimaropa Region,13.354494131387064,121.18658479610029
Gloria,Oriental Mindoro,Mimaropa Region,12.932697341572043,121.37312013425208
Mansalay,Oriental Mindoro,Mimaropa Region,12.541867787960747,121.35437451973144
Naujan,Oriental Mindoro,Mimaropa Region,13.228985236098916,121.18366914457681
Pinamalayan,Oriental Mindoro,Mimaropa Region,13.018848958825195,121.41602265459639
Pola,Oriental Mindoro,Mimaropa Region,13.132055474202241,121.4490996536041
Puerto Galera,Oriental Mindoro,Mimaropa Region,13.46050624932198,120.93572093975418
Roxas,Oriental Mindoro,Mimaropa Region,12.619878388824816,121.4514192376863
San Teodoro,Oriental Mindoro,Mimaropa Region,13.38370111782529,120.94384180725488
Socorro,Oriental Mindoro,Mimaropa Region,13.054235672037114,121.3333810679799
Victoria,Oriental Mindoro,Mimaropa Region,13.14314899916699,121.24414976558992
Aborlan,Palawan,Mimaropa Region,9.508177679850943,118.445061242447
Agutaya,Palawan,Mimaropa Region,11.253850543087141,120.92158941727514
Araceli,Palawan,Mimaropa Region,10.578685271537433,119.91251759000554
Balabac,Palawan,Mimaropa Region,8.066923842680115,117.1089643505847
Bataraza,Palawan,Mimaropa Region,8.565585967995489,117.42360516318168
Brooke's Point,Palawan,Mimaropa Region,8.85073865790285,117.81609048820283
Busuanga,Palawan,Mimaropa Region,12.1733045157998,119.95718805793003
Cagayancillo,Palawan,Mimaropa Region,9.582686140507171,121.17482928318978
Coron,Palawan,Mimaropa Region,12.052689719328903,120.17511183512728
Cuyo,Palawan,Mimaropa Region,10.919021353172456,120.92984889879455
Dumaran,Palawan,Mimaropa Region,10.524056149359838,119.66422474858418
El Nido (Bacuit),Palawan,Mimaropa Region,11.194802389793455,119.45742308794782
Linapacan,Palawan,Mimaropa Region,11.428448191057827,119.81295528301777
Magsaysay,Palawan,Mimaropa Region,10.887344372186059,121.05486098581052
Narra,Palawan,Mimaropa Region,9.276842075966778,118.29782297147784
Puerto Princesa City (Capital),Palawan,Mimaropa Region,9.914093855669233,118.78011430246636
Quezon,Palawan,Mimaropa Region,9.253387954974158,118.03848679962809
Roxas,Palawan,Mimaropa Region,10.332267666704393,119.29936372293513
San Vicente,Palawan,Mimaropa Region,10.454630482407186,119.18998418601454
Taytay,Palawan,Mimaropa Region,10.821861325543424,119.46064283258023
Kalayaan,Palawan,Mimaropa Region,11.052824509830572,114.28468174570654
Culion,Palawan,Mimaropa Region,11.834082162004744,119.97098273856962
Rizal (Marcos),Palawan,Mimaropa Region,8.831896190254346,117.56019946205369
Sofronio Española,Palawan,Mimaropa Region,9.064815892418146,118.01478317814843
Alcantara,Romblon,Mimaropa Region,12.301470326299714,122.05300651286032
Banton,Romblon,Mimaropa Region,12.938701251327855,122.06973575474439
Cajidiocan,Romblon,Mimaropa Region,12.41814115132121,122.64442082015047
Calatrava,Romblon,Mimaropa Region,12.612404643675792,122.06825241119213
Concepcion,Romblon,Mimaropa Region,12.925601260781262,121.70896568591655
Corcuera,Romblon,Mimaropa Region,12.80575293074603,122.05454032724468
Looc,Romblon,Mimaropa Region,12.267530864817777,122.0007063920891
Magdiwang,Romblon,Mimaropa Region,12.47221405285615,122.52270828600754
Odiongan,Romblon,Mimaropa Region,12.400113534635217,122.0132874920035
Romblon (Capital),Romblon,Mimaropa Region,12.548569173064816,122.28555148204997
San Agustin,Romblon,Mimaropa Region,12.55422643091141,122.10866957195593
San Andres,Romblon,Mimaropa Region,12.539746890836165,122.04409779564065
San Fernando,Romblon,Mimaropa Region,12.381720309351028,122.55795190599339
San Jose,Romblon,Mimaropa Region,12.064125791567449,121.93753802843281
Santa Fe,Romblon,Mimaropa Region,12.164786527591813,122.00833043786773
Ferrol,Romblon,Mimaropa Region,12.326696431883512,121.95070191611562
Santa Maria (Imelda),Romblon,Mimaropa Region,12.405564319257685,122.07962098483094
City of Lamitan,Basilan,Bangsamoro Autonomous Region In Muslim Mindanao (BARMM),6.641485137917268,122.09860362278796
Lantawan,Basilan,Bangsamoro Autonomous Region In Muslim Mindanao (BARMM),6.619735754259711,121.86941347916819
Maluso,Basilan,Bangsamoro Autonomous Region In Muslim Mindanao (BARMM),6.515937399420208,121.90039603517165
Sumisip,Basilan,Bangsamoro Autonomous Region In Muslim Mindanao (BARMM),6.488062332739454,122.01311594098722
Tipo-Tipo,Basilan,Bangsamoro Autonomous Region In Muslim Mindanao (BARMM),6.523980783980977,122.15723416355164
Tuburan,Basilan,Bangsamoro Autonomous Region In Muslim Mindanao (BARMM),6.601846390935992,122.20553774457893
Akbar,Basilan,Bangsamoro Autonomous Region In Muslim Mindanao (BARMM),6.64415305607118,122.1968217779161
Al-Barka,Basilan,Bangsamoro Autonomous Region In Muslim Mindanao (BARMM),6.485101338240605,122.17148936450434
Hadji Mohammad Ajul,Basilan,Bangsamoro Autonomous Region In Muslim Mindanao (BARMM),6.636303334639656,122.27765186599052
Ungkaya Pukan,Basilan,Bangsamoro Autonomous Region In Muslim Mindanao (BARMM),6.50796574076845,122.10709699179797
Hadji Muhtamad,Basilan,Bangsamoro Autonomous Region In Muslim Mindanao (BARMM),6.674787373682946,121.5897421560988
Tabuan-Lasa,Basilan,Bangsamoro Autonomous Region In Muslim Mindanao (BARMM),6.320593735633274,121.98227610578837
Bacolod-Kalawi (Bacolod Grande),Lanao del Sur,Bangsamoro Autonomous Region In Muslim Mindanao (BARMM),7.887770489185825,124.12436599702394
Balabagan,Lanao del Sur,Bangsamoro Autonomous Region In Muslim Mindanao (BARMM),7.538161082165174,124.1474584974031
Balindong (Watu),Lanao del Sur,Bangsamoro Autonomous Region In Muslim Mindanao (BARMM),7.921286232771049,124.18108090533737
Bayang,Lanao del Sur,Bangsamoro Autonomous Region In Muslim Mindanao (BARMM),7.777260856828585,124.19044760386213
Binidayan,Lanao del Sur,Bangsamoro Autonomous Region In Muslim Mindanao (BARMM),7.794542500853196,124.15395771822155
Bubong,Lanao del Sur,Bangsamoro Autonomous Region In Muslim Mindanao (BARMM),8.002619619015391,124.45795703555288
Butig,Lanao del Sur,Bangsamoro Autonomous Region In Muslim Mindanao (BARMM),7.673841189958843,124.36580332523377
Ganassi,Lanao del Sur,Bangsamoro Autonomous Region In Muslim Mindanao (BARMM),7.8066329237907945,124.1014761663965
Kapai,Lanao del Sur,Bangsamoro Autonomous Region In Muslim Mindanao (BARMM),8.066110681187372,124.37041551163857
Lumba-Bayabao (Maguing),Lanao del Sur,Bangsamoro Autonomous Region In Muslim Mindanao (BARMM),7.78456745316308,124.47208344022339
Lumbatan,Lanao del Sur,Bangsamoro Autonomous Region In Muslim Mindanao (BARMM),7.749551012375442,124.23566828969452
Madalum,Lanao del Sur,Bangsamoro Autonomous Region In Muslim Mindanao (BARMM),7.918735886238342,124.06969537326216
Madamba,Lanao del Sur,Bangsamoro Autonomous Region In Muslim Mindanao (BARMM),7.871984927669949,124.03484872214311
Malabang,Lanao del Sur,Bangsamoro Autonomous Region In Muslim Mindanao (BARMM),7.627219126151676,124.07427379865709
Marantao,Lanao del Sur,Bangsamoro Autonomous Region In Muslim Mindanao (BARMM),7.962382975139072,124.22910275400623
Marawi City (Capital),Lanao del Sur,Bangsamoro Autonomous Region In Muslim Mindanao (BARMM),8.021222575064282,124.2966229177656
Masiu,Lanao del Sur,Bangsamoro Autonomous Region In Muslim Mindanao (BARMM),7.793061426533689,124.36583970684971
Mulondo,Lanao del Sur,Bangsamoro Autonomous Region In Muslim Mindanao (BARMM),7.917856392680831,124.36542017598778
Pagayawan (Tatarikan),Lanao del Sur,Bangsamoro Autonomous Region In Muslim Mindanao (BARMM),7.7510925292318245,124.12021363038295
Piagapo,Lanao del Sur,Bangsamoro Autonomous Region In Muslim Mindanao (BARMM),7.991893245987137,124.16664414878078
Poona Bayabao (Gata),Lanao del Sur,Bangsamoro Autonomous Region In Muslim Mindanao (BARMM),7.831708629889767,124.354198930644
Pualas,Lanao del Sur,Bangsamoro Autonomous Region In Muslim Mindanao (BARMM),7.797880194277058,124.04377872716105
Ditsaan-Ramain,Lanao del Sur,Bangsamoro Autonomous Region In Muslim Mindanao (BARMM),7.9962164297193326,124.35362790741641
Saguiaran,Lanao del Sur,Bangsamoro Autonomous Region In Muslim Mindanao (BARMM),8.042209110322164,124.24676295749899
Tamparan,Lanao del Sur,Bangsamoro Autonomous Region In Muslim Mindanao (BARMM),7.871762563187123,124.3326843944703
Taraka,Lanao del Sur,Bangsamoro Autonomous Region In Muslim Mindanao (BARMM),7.898102857440188,124.34027186987439
Tubaran,Lanao del Sur,Bangsamoro Autonomous Region In Muslim Mindanao (BARMM),7.730647552598286,124.16892976940765
Tugaya,Lanao del Sur,Bangsamoro Autonomous Region In Muslim Mindanao (BARMM),7.905266072008619,124.14602286675594
Wao,Lanao del Sur,Bangsamoro Autonomous Region In Muslim Mindanao (BARMM),7.6466790521885795,124.70638654007601
Marogong,Lanao del Sur,Bangsamoro Autonomous Region In Muslim Mindanao (BARMM),7.630961206710016,124.18410441349413
Calanogas,Lanao del Sur,Bangsamoro Autonomous Region In Muslim Mindanao (BARMM),7.717870614307391,124.07779294615422
Buadiposo-Buntong,Lanao del Sur,Bangsamoro Autonomous Region In Muslim Mindanao (BARMM),7.950629252720781,124.39324721408701
Maguing,Lanao del Sur,Bangsamoro Autonomous Region In Muslim Mindanao (BARMM),7.90987816645587,124.49230476735588
Picong (Sultan Gumander),Lanao del Sur,Bangsamoro Autonomous Region In Muslim Mindanao (BARMM),7.6996844206153625,123.97348680594997
Lumbayanague,Lanao del Sur,Bangsamoro Autonomous Region In Muslim Mindanao (BARMM),7.773287719989992,124.28160849022619
Amai Manabilang (Bumbaran),Lanao del Sur,Bangsamoro Autonomous Region In Muslim Mindanao (BARMM),7.7592629328741625,124.59895926027185
Tagoloan II,Lanao del Sur,Bangsamoro Autonomous Region In Muslim Mindanao (BARMM),8.092245081194323,124.46220817754003
Kapatagan,Lanao del Sur,Bangsamoro Autonomous Region In Muslim Mindanao (BARMM),7.488367656648352,124.18814881548035
Sultan Dumalondong,Lanao del Sur,Bangsamoro Autonomous Region In Muslim Mindanao (BARMM),7.717902793893844,124.25333103634233
Lumbaca-Unayan,Lanao del Sur,Bangsamoro Autonomous Region In Muslim Mindanao (BARMM),7.728972328976899,124.20969379677997
Indanan,Sulu,Bangsamoro Autonomous Region In Muslim Mindanao (BARMM),5.993561962421498,120.96006141097936
Jolo (Capital),Sulu,Bangsamoro Autonomous Region In Muslim Mindanao (BARMM),6.052996866419032,121.00421723756304
Kalingalan Caluang,Sulu,Bangsamoro Autonomous Region In Muslim Mindanao (BARMM),5.91231511643362,121.28140807880878
Luuk,Sulu,Bangsamoro Autonomous Region In Muslim Mindanao (BARMM),5.966362245133278,121.3197885916161
Maimbung,Sulu,Bangsamoro Autonomous Region In Muslim Mindanao (BARMM),5.948650656152964,121.01011304742326
Hadji Panglima Tahil (Marunggas),Sulu,Bangsamoro Autonomous Region In Muslim Mindanao (BARMM),6.22842885697446,120.91684958186548
Old Panamao,Sulu,Bangsamoro Autonomous Region In Muslim Mindanao (BARMM),5.982071614860739,121.23055858628514
Pangutaran,Sulu,Bangsamoro Autonomous Region In Muslim Mindanao (BARMM),6.220800264105588,120.4729680861718
Parang,Sulu,Bangsamoro Autonomous Region In Muslim Mindanao (BARMM),5.935640874334583,120.92138833692476
Pata,Sulu,Bangsamoro Autonomous Region In Muslim Mindanao (BARMM),5.8177459799632425,121.16796160010449
Patikul,Sulu,Bangsamoro Autonomous Region In Muslim Mindanao (BARMM),6.049089216291847,121.08663203657845
Siasi,Sulu,Bangsamoro Autonomous Region In Muslim Mindanao (BARMM),5.537356049782263,120.8616125153727
Talipao,Sulu,Bangsamoro Autonomous Region In Muslim Mindanao (BARMM),5.96077933398215,121.09341633295483
Tapul,Sulu,Bangsamoro Autonomous Region In Muslim Mindanao (BARMM),5.710554338346529,120.96045469993408
Tongkil,Sulu,Bangsamoro Autonomous Region In Muslim Mindanao (BARMM),6.049044825135637,121.74865123095701
Panglima Estino (New Panamao),Sulu,Bangsamoro Autonomous Region In Muslim Mindanao (BARMM),5.966216283500162,121.18044792943759
Lugus,Sulu,Bangsamoro Autonomous Region In Muslim Mindanao (BARMM),5.6860197414914815,120.8383284039285
Pandami,Sulu,Bangsamoro Autonomous Region In Muslim Mindanao (BARMM),5.55832642824798,120.70386667170844
Omar,Sulu,Bangsamoro Autonomous Region In Muslim Mindanao (BARMM),5.988575213360954,121.39330373700845
Panglima Sugala (Balimbing),Tawi-Tawi,Bangsamoro Autonomous Region In Muslim Mindanao (BARMM),5.139786833595965,120.00267824355397
Bongao (Capital),Tawi-Tawi,Bangsamoro Autonomous Region In Muslim Mindanao (BARMM),5.089021346526528,119.8177452648675
Mapun (Cagayan de Tawi-Tawi),Tawi-Tawi,Bangsamoro Autonomous Region In Muslim Mindanao (BARMM),7.00862209610512,118.47729671803378
Simunul,Tawi-Tawi,Bangsamoro Autonomous Region In Muslim Mindanao (BARMM),4.865356869170859,119.82433985695154
Sitangkai,Tawi-Tawi,Bangsamoro Autonomous Region In Muslim Mindanao (BARMM),4.748724846670434,119.40246028927758
South Ubian,Tawi-Tawi,Bangsamoro Autonomous Region In Muslim Mindanao (BARMM),5.279518687542901,120.56127557657383
Tandubas,Tawi-Tawi,Bangsamoro Autonomous Region In Muslim Mindanao (BARMM),5.22178479859793,120.24055914746425
Turtle Islands,Tawi-Tawi,Bangsamoro Autonomous Region In Muslim Mindanao (BARMM),6.159435517730552,118.21906070865916
Languyan,Tawi-Tawi,Bangsamoro Autonomous Region In Muslim Mindanao (BARMM),5.261450840178501,120.09048480653914
Sapa-Sapa,Tawi-Tawi,Bangsamoro Autonomous Region In Muslim Mindanao (BARMM),5.090475738470544,120.22403042995563
Sibutu,Tawi-Tawi,Bangsamoro Autonomous Region In Muslim Mindanao (BARMM),4.780969165186082,119.47603608425052
Buldon,Maguindanao del Norte,Bangsamoro Autonomous Region In Muslim Mindanao (BARMM),7.505008673138846,124.42536053587293
Cotabato City,Maguindanao del Norte,Bangsamoro Autonomous Region In Muslim Mindanao (BARMM),7.208621690822198,124.23145026458712
Datu Odin Sinsuat (Dinaig),Maguindanao del Norte,Bangsamoro Autonomous Region In Muslim Mindanao (BARMM),7.094709540115905,124.23582034419502
Matanog,Maguindanao del Norte,Bangsamoro Autonomous Region In Muslim Mindanao (BARMM),7.478020056675919,124.2421973034002
Parang,Maguindanao del Norte,Bangsamoro Autonomous Region In Muslim Mindanao (BARMM),7.362280482460246,124.25123443865905
Sultan Kudarat (Nuling),Maguindanao del Norte,Bangsamoro Autonomous Region In Muslim Mindanao (BARMM),7.254405755295321,124.31652387536913
Kabuntalan (Tumbao),Maguindanao del Norte,Bangsamoro Autonomous Region In Muslim Mindanao (BARMM),7.1185164807978065,124.36751681964655
Upi,Maguindanao del Norte,Bangsamoro Autonomous Region In Muslim Mindanao (BARMM),6.9596305169182076,124.11640438727395
Barira,Maguindanao del Norte,Bangsamoro Autonomous Region In Muslim Mindanao (BARMM),7.480210613528501,124.32273737157294
Talitay,Maguindanao del Norte,Bangsamoro Autonomous Region In Muslim Mindanao (BARMM),7.036483131075166,124.36947391368697
Sultan Mastura,Maguindanao del Norte,Bangsamoro Autonomous Region In Muslim Mindanao (BARMM),7.2997979215713515,124.27161432489908
Datu Blah T. Sinsuat,Maguindanao del Norte,Bangsamoro Autonomous Region In Muslim Mindanao (BARMM),6.9126121761299695,124.0158602353818
Northern Kabuntalan,Maguindanao del Norte,Bangsamoro Autonomous Region In Muslim Mindanao (BARMM),7.16863590774638,124.42494973254846
Ampatuan,Maguindanao del Sur,Bangsamoro Autonomous Region In Muslim Mindanao (BARMM),6.785530850435272,124.42379487880432
Buluan,Maguindanao del Sur,Bangsamoro Autonomous Region In Muslim Mindanao (BARMM),6.696624451371578,124.8089047652723
Datu Paglas,Maguindanao del Sur,Bangsamoro Autonomous Region In Muslim Mindanao (BARMM),6.742769305500459,124.9055198475489
Datu Piang,Maguindanao del Sur,Bangsamoro Autonomous Region In Muslim Mindanao (BARMM),7.0374276143645496,124.47480193480692
Shariff Aguak (Maganoy) (Capital),Maguindanao del Sur,Bangsamoro Autonomous Region In Muslim Mindanao (BARMM),6.891566886060747,124.46346934041189
Pagalungan,Maguindanao del Sur,Bangsamoro Autonomous Region In Muslim Mindanao (BARMM),6.96902661275211,124.73921213756684
Sultan Sa Barongis (Lambayong),Maguindanao del Sur,Bangsamoro Autonomous Region In Muslim Mindanao (BARMM),6.915903924334781,124.63215984453652
Talayan,Maguindanao del Sur,Bangsamoro Autonomous Region In Muslim Mindanao (BARMM),6.945990061871686,124.30557302321958
South Upi,Maguindanao del Sur,Bangsamoro Autonomous Region In Muslim Mindanao (BARMM),6.822160488521054,124.22666363525991
Gen. S.K. Pendatun,Maguindanao del Sur,Bangsamoro Autonomous Region In Muslim Mindanao (BARMM),6.84091699372486,124.74382632217687
Mamasapano,Maguindanao del Sur,Bangsamoro Autonomous Region In Muslim Mindanao (BARMM),6.9208829431276975,124.51544254758886
Pagagawan,Maguindanao del Sur,Bangsamoro Autonomous Region In Muslim Mindanao (BARMM),7.0626500892396535,124.76849856632222
Paglat,Maguindanao del Sur,Bangsamoro Autonomous Region In Muslim Mindanao (BARMM),6.785037539132325,124.77773398433187
Guindulungan,Maguindanao del Sur,Bangsamoro Autonomous Region In Muslim Mindanao (BARMM),6.9297905327688145,124.36544540370748
Datu Saudi-Ampatuan,Maguindanao del Sur,Bangsamoro Autonomous Region In Muslim Mindanao (BARMM),6.95463820585218,124.43653459149284
Datu Unsay,Maguindanao del Sur,Bangsamoro Autonomous Region In Muslim Mindanao (BARMM),6.889955949617422,124.39362425156452
Datu Abdullah Sangki,Maguindanao del Sur,Bangsamoro Autonomous Region In Muslim Mindanao (BARMM),6.817972677875349,124.53225690332768
Rajah Buayan,Maguindanao del Sur,Bangsamoro Autonomous Region In Muslim Mindanao (BARMM),6.918566577073054,124.56640342838635
Datu Anggal Midtimbang,Maguindanao del Sur,Bangsamoro Autonomous Region In Muslim Mindanao (BARMM),7.0099097842538365,124.35471822942611
Mangudadatu,Maguindanao del Sur,Bangsamoro Autonomous Region In Muslim Mindanao (BARMM),6.6553272595582404,124.83999326765824
Pandag,Maguindanao del Sur,Bangsamoro Autonomous Region In Muslim Mindanao (BARMM),6.752444623395919,124.80041925700813
Datu Hoffer Ampatuan,Maguindanao del Sur,Bangsamoro Autonomous Region In Muslim Mindanao (BARMM),6.854572006876413,124.40078191801271
Datu Salibo,Maguindanao del Sur,Bangsamoro Autonomous Region In Muslim Mindanao (BARMM),7.000503309630969,124.47958860812297
Shariff Saydona Mustapha,Maguindanao del Sur,Bangsamoro Autonomous Region In Muslim Mindanao (BARMM),6.955406702824686,124.5079157697214
Special Geographic Area - Carmen,Special Geographic Area,Bangsamoro Autonomous Region In Muslim Mindanao (BARMM),7.223898834739067,124.76549289729144
Special Geographic Area - Kabacan,Special Geographic Area,Bangsamoro Autonomous Region In Muslim Mindanao (BARMM),7.231997324265087,124.86214364121417
Special Geographic Area - Midsayap I,Special Geographic Area,Bangsamoro Autonomous Region In Muslim Mindanao (BARMM),7.134912914543432,124.48416334148091
Special Geographic Area - Midsayap II,Special Geographic Area,Bangsamoro Autonomous Region In Muslim Mindanao (BARMM),7.07170084120506,124.49536337631726
Special Geographic Area - Pigkawayan,Special Geographic Area,Bangsamoro Autonomous Region In Muslim Mindanao (BARMM),7.2600353767257575,124.39233398414788
Special Geographic Area - Pikit I,Special Geographic Area,Bangsamoro Autonomous Region In Muslim Mindanao (BARMM),7.117861181921198,124.67809768713781
Special Geographic Area - Pikit II,Special Geographic Area,Bangsamoro Autonomous Region In Muslim Mindanao (BARMM),6.993858339663625,124.65362693181076
Special Geographic Area - Pikit III,Special Geographic Area,Bangsamoro Autonomous Region In Muslim Mindanao (BARMM),7.050184398199745,124.59416524047478
